,_id,NOME_DA_CACHAÇA,PREÇO,DESCRIÇÃO_DA_CACHAÇA,VOLUME,GRADUAÇÃO_ALCOÓLICA,RECIPIENTE_DE_ARMAZENAMENTO,LOCAL_DE_PRODUÇÃO,TEMPO_DE_ARMAZENAMENTO,PREMIOS,LINK,DATA_COLETA
0,60fc83a370b4b14381fe410d,Cachaça Evelhecida Jequitibá Da Torre 500 ML,"      R$43,90      ","Cachaça Evelhecida Jequitibá Da Torre 500 ML ORIGEM: Produzido em Amparo - São Paulo   Alambique da Torre Cachaça da Torre Envelhecida em Barril de Jequitibá Rosa por 18 meses. Grad. alc: 40% Volume: 500 ml. A Cachaça da Torre descansada foi premiada em 3o lugar (medalha de bronze) em 2008 e em 2o lugar (medalha de prata) em 2012, no Concurso de Avaliação de Cachaças, durante o Brazilian Meeting on Chemistry of Food and Beverages, supervisionado pelo Instituto de Química de São Carlos (IQSC-USP). ",Volume: 500 ML,,, Produzido em Amparo - São Paulo ,,,https://www.cachacaepresente.com.br/produtos/cachaca-evelhecida-jequitiba-da-torre-500-ml/,24/07/2021 17:37
1,60fc83a470b4b14381fe410e,"Cachaça Rio do Engenho Reserva Umburana, Itiúba, Louro Canela e Balsamo 670 ml","      R$89,90      ","Cachaça Rio do Engenho Reserva Umburana, Itiúba, Louro Canela e Balsamo 670 ml www.cachacaepresente.com.br ORIGEM: Cachaça Baiana produzida em Ilhéus - Bahia - Brasil Produzida pela Cachaça Rio do Engenho Cachaça de alambique destilada do mosto fermentado de caldo da cana-de-açúcar Não contém glúten. Validade Indeterminada. Madeira: Umburana/Amburana, Itiúba, Louro-Canela e Bálsamo Conteúdo: 670ml - Garrafa Paraíba Graduação Alcoólica: 38% Medidas: Altura: 20 cm - Diâmetro: 10,6 cm MAPA: BA 09778 00002-9 O envelhecimento mínimo de três anos em tonéis de madeira de Umburana/Amburana, Itiúba, Louro-Canela e Bálsamo, proporciona características inigualáveis ao produto. Suas notas amadeiradas, sua cor amarelo ouro e seus sabores que se sobrepõem criam um aroma marcante e um sabor inconfundível. PRÊMIOS: 2014 - Silver Medal - Concours Mondial de Bruxelles 2012 - 5.o Lugar - Ranking das Melhores Cachaças Envelhecidas da Revista VIP ",Volume: 670 ml, 38%," Umburana/Amburana, Itiúba, Louro-Canela e Bálsamo", Cachaça Baiana produzida em Ilhéus - Bahia - Brasil ,,"2014 - Silver Medal - Concours Mondial de Bruxelles
2012 - 5.o Lugar - Ranking das Melhores Cachaças Envelhecidas da Revista VIP",https://www.cachacaepresente.com.br/produtos/cachaca-rio-do-engenho-reserva-umburana-itiuba-louro-canela-e-balsamo-670-ml/,24/07/2021 17:38
2,60fc83a470b4b14381fe410f,CACHAÇA LUA NOVA AMBURANA 700 ML,"      R$49,90      ","CACHAÇA LUA NOVA AMBURANA 700 ML - 00038 ORIGEM: Cachaça Mineira produzida em Novorizonte - Minas Gerais - Brasil Produzida pela Cachaça Salinas Cachaça de alambique destilada do mosto fermentado de caldo da cana-de-açúcar Não contém glúten. Validade Indeterminada. Madeira: Amburana/Umburana, envelhecida de 18 a 24 meses Conteúdo: 670ml - Garrafa Cachaça de Minas Graduação Alcoólica: 42% Medidas: Altura : 29 cm Diâmetro : 7 cm MAPA: 06748 0004-6 Opinião: Blog MARVADA: ""A Lua Nova é uma cachaça produzida desde 1995 pelo Grupo Salinas com o mesmo rigor e cuidado artesanal em alambiques de cobre na produção de sua irmã Salinas. Mas ao contrário desta, a Lua Nova é envelhecida em tonéis de umburana o que lhe confere cor, perfume e maciez. é bebida leve e agradável capaz de atender aos paladares mais apurados"". ",Volume: 700 ML, 42%, Amburana/Umburana, Cachaça Mineira produzida em Novorizonte - Minas Gerais - Brasil ,,,https://www.cachacaepresente.com.br/produtos/cachaca-lua-nova-amburana-700-ml/,24/07/2021 17:38
3,60fc83a470b4b14381fe4110,Cachaça Carvalheira Flor de Limão 500 ml www.cachacaepresente.com.br,"      R$29,90      ","Cachaça Carvalheira Flor de Limão 500 ml cachacaepresente.com.br A Flor de Limão é uma cachaça branca, composta com extrato cítrico natural. Sua textura cristalina e seu sabor refrescante de limão lhe conferem uma personalidade suave, mas marcante, com características de uma bebida tipicamente tropical. Excelente para fazer uma bela caipirinha. Graduação Alcoólica: 38% Medidas da Garrafa: A: 24,0 C: 7,0 L: 7,0 ",Volume: 500 ml, 38%    ,,,,,https://www.cachacaepresente.com.br/produtos/cachaca-carvalheira-flor-de-limao-500-ml-www-cachacaepresente-com-br/,24/07/2021 17:38
4,60fc83a570b4b14381fe4111,Cachaça Artesanal Terra Dourada Ouro Carvalho Premium 750 ml,"      R$99,00      ","Cachaça Terra Dourada Ouro Carvalho Premium 750 ml www.cachacaepresente.com.br ORIGEM: Cachaça Catarinense produzida em Luiz Alves - Santa Catarina - Brasil Produzida pela Cachaça Terra Dourada Cachaça de alambique destilada do mosto fermentado de caldo da cana-de-açúcar Não contém glúten. Validade Indeterminada. Madeira: Envelhecida em média 04 anos em barris de Carvalho Tipo: Premium Conteúdo: 750ml - Garrafa Trinity (tipo exportação) Graduação Alcoólica: 40% A Cachaça Ouro Terra Dourada Linha Premium, mais sofisticada, é produzida artesanalmente e envelhecida em barris de carvalho, adquirindo coloração dourada e sabor suave. Garrafa com informações em inglês com bandeira do Brasil, tendo a arara como símbolo. PRÊMIO: MEDALHA DE OURO 2013 International Spirits Challenge ",Volume: 750 ml, 40%, Envelhecida em média 04 anos em barris de Carvalho, Cachaça Catarinense produzida em Luiz Alves - Santa Catarina - Brasil ,,"MEDALHA DE OURO 2013 International Spirits Challenge",https://www.cachacaepresente.com.br/produtos/cachaca-artesanal-terra-dourada-ouro-carvalho-premium-750-ml/,24/07/2021 17:38
5,60fc83a570b4b14381fe4112,Bebida Alcoólica Mista de Cachaça Com Mel - Santo Mel 700 ml,"      R$49,90      ","Bebida Alcoólica Mista de Cachaça Com Mel - Santo Mel 700 ml www.cachacaepresente.com.br Desenvolvida a base de cachaça destilada no cobre,com 27 % de teor alcoólico,mel natural de flora silvestre e caramelo Produto altamente diferenciado e direcionado para um público com paladar exigênte. A cachaça é um produto genuinamente brasileiro e faz parte da nossa história e da cultura nacional. O Santo Mel nasceu num bar em São Bernardo do Campo, no ABC paulista, inicialmente produzida de forma artesanal e comercializada entre amigos e frequentadores da casa. Devido à grande aceitação e procura, decidiu-se então partir para a produção industrial em larga escala. A fórmula original até hoje é mantida. Uma bebida alcoólica mista feita com ingredientes selecionados, cachaça de baixa acidez destilada em alambiques de cobre e mel natural da flora silvestre. Todos os processos, desde o plantio da cana de açúcar em solo adequado até a comercialização do produto, são acompanhados por profissionais altamente qualificados, garantindo assim alta qualidade e sabor único. É proibida a venda e o consumo de bebidas alcoólicas para menores de 18 anos.Se beber não dirija.Todas as informações divulgadas são de responsabilidade do fabricante/fornecedor.Imagens meramente ilustrativas. ",Volume: 700 ml,,,,,,https://www.cachacaepresente.com.br/produtos/bebida-alcoolica-mista-de-cachaca-com-mel-santo-mel-700-ml/,24/07/2021 17:38
6,60fc83a570b4b14381fe4113,Cachaça com Cambuci 500 ml cachaça é Presente,"      R$49,90      ","Cachaça com Cambuci 500 ml cachaça é Presente ORIGEM: Bebida Mista Paulista produzida em São Bernardo do Campo - São Paulo - Brasil Cachaça de alambique destilada do mosto fermentado de caldo da cana-de-açúcar, curtida com cambuci, Cachaça curtida com frutas adoçado com mel e uvas passas Conteúdo: 500ml - Garrafa Seduction Graduação Alcoólica: 20% ",Volume: 500 ml, 20%,, Bebida Mista Paulista produzida em São Bernardo do Campo - São Paulo - Brasil ,,,https://www.cachacaepresente.com.br/produtos/cachaca-com-cambuci-500-ml-cachaca-e-presente/,24/07/2021 17:38
7,60fc83a670b4b14381fe4114,Cachaça de Alambique Terra Dourada Prata Caipirinha 750 ml,"      R$89,90      ","Cachaça de Alambique Terra Dourada Prata Caipirinha 750 ml www.cachacaepresente.com.br ORIGEM: Cachaça Catarinense produzida em Luiz Alves - Santa Catarina - Brasil Produzida pela Cachaça Terra Dourada Cachaça de alambique destilada do mosto fermentado de caldo da cana-de-açúcar Não envelhecida, apenas armazenada em madeiras neutras Tipo: Prata Conteúdo: 750ml - Garrafa Trinity (tipo exportação) Graduação Alcoólica: 40% A Cachaça Ouro Terra Dourada Prata é produzida artesanalmente e armazenada em barris de madeiras neutras que não interferem na cor. Pode ser apreciada pura ou em coquetéis - ""Ideal for Caipirinha"" Garrafa com informações em inglês com bandeira do Brasil, tendo a arara como símbolo.   PRÊMIO: MEDALHA DE PRATA 2013 International Spirits Challenge ",Volume: 750 ml, 40%,, Cachaça Catarinense produzida em Luiz Alves - Santa Catarina - Brasil ,,"MEDALHA DE PRATA 2013 International Spirits Challenge",https://www.cachacaepresente.com.br/produtos/cachaca-de-alambique-terra-dourada-prata-caipirinha-750-ml/,24/07/2021 17:39
8,60fc83a670b4b14381fe4115,Cachaça Artesanal de Alambique Carvalheira 750ml,"      R$119,90      ","Cachaça Artesanal de Alambique Carvalheira 750 ml - www.cachacaepresente.com.br Armazenadas em barris de cachaça de freijó proporcionando aromas e sabores únicos da legitima cachaça. Carvalheira Alambique preserva em seu espírito os mais tradicionais conceitos da puro e genuína cachaça brasileira , revelando à cada gole o sabor inconfundível de nossas origens. Origem: PE Madeira: Freijó Envelhecimento: 6 meses Grad. Alcoólica: 38% Volume: 750ml ",Volume: 750ml,, Freijó , PE ,,,https://www.cachacaepresente.com.br/produtos/cachaca-artesanal-de-alambique-carvalheira-750ml/,24/07/2021 17:39
9,60fc83a670b4b14381fe4116,Cachaça Fazenda Jeremias Prata 600 ML,"      R$49,00      ","Cachaça Fazenda Jeremias Prata 600 ML ORIGEM: Cachaça Mineira produzida em Dores do Turvo - Minas Gerais -Brasil Produzida pela Fazenda Jeremias, região da zona da Mata. Cachaça de alambique destilada do mosto fermentado de caldo da cana-de-açúcar Madeira: Armazenada 02 anos em tonéis de jequitibá Conteúdo: 670ml Graduação Alcoólica: 42% A Cachaça Fazenda Jeremias possui canaviais próprios, cultivado sem o uso de agro-tóxicos e utiliza o mesmo processo natural para destilação, utilizando alambiques de cobre. Sem pressa a cachaça vai sendo destilada e em seguida lentamente resfriada com todo controle e capricho. O armazenamento da Cachaça Fazenda Jeremias é feito em tonéis de jequitibá no período de dois anos,e depois triplicamente filtrada e engarrafada na própria fazenda para sua tranquilidade e garantia. ",Volume: 600 ML, 42%, Armazenada 02 anos em tonéis de jequitibá, Cachaça Mineira produzida em Dores do Turvo - Minas Gerais -Brasil ,,,https://www.cachacaepresente.com.br/produtos/cachaca-fazenda-jeremias-prata-600-ml/,24/07/2021 17:39
10,60fc83a670b4b14381fe4117,Cachaça Artesanal Rio do Engenho Caipirinha Prata 670 ML,"      R$59,99      ","Cachaça Artesanal Rio do Engenho Caipirinha Prata 670 ML www.cachacaepresente.com.br ORIGEM: Cachaça Baiana produzida em Ilhéus - Bahia - Brasil Produzida pela Cachaça Rio do Engenho Cachaça de alambique destilada do mosto fermentado de caldo da cana-de-açúcar Prata - Não envelhecida Conteúdo: 670ml - Garrafa Paraiba Graduação Alcoólica: 38% O mais clássico dos sabores. Produto engarrafado logo após a produção, mantém as fortes características da cachaça produzida nos antigos alambiques. ",Volume: 670 ML," 38% O mais clássico dos sabores. Produto engarrafado logo após a produção, mantém as fortes características da cachaça produzida nos antigos alambiques.",, Cachaça Baiana produzida em Ilhéus - Bahia - Brasil ,,,https://www.cachacaepresente.com.br/produtos/cachaca-artesanal-rio-do-engenho-caipirinha-prata-670-ml/,24/07/2021 17:39
11,60fc83a670b4b14381fe4118,Cachaça Dom Tápparo Carvalho Envelhecida 1 Litro,"      R$59,90      ","Cachaça Dom Tápparo Carvalho Envelhecida 1 Litro Origem: Mirassol Volume: 1000 ml Grad. Alc: 38% Madeira: Envelhecida 1 ano em Barril de Carvalho. Cachaça bem suave, carvalho tem como característica um gosto de caramelo no final. cachaça custo beneficio excelente. ",,, Envelhecida 1 ano em Barril de Carvalho. , Mirassol ,,,https://www.cachacaepresente.com.br/produtos/cachaca-dom-tapparo-carvalho-envelhecida-1-litro/,24/07/2021 17:39
12,60fc83a670b4b14381fe4119,Cachaça Alambique Engenho São Luiz descansada Amendoim 600 ml,"      R$64,90      ","Cachaça Alambique descansada Engenho São Luiz Amendoim 600 ml Origem: Lençóis Paulista / SP Madeira: Amendoim Envelhecimento: 6 meses Graduação Alcoólica: 42% Volume: 600ml Cachaça nova, prata, descansada por seis meses em tonéis de amendoim, confere menor acidez e sabor aprimorado. Perfeita para elaboração de drinks e coquetéis, por garantir ao paladar uma experiência agradável e, ainda assim, muito marcante. PREMIAÇÕES 2018 - 6 ° Lugar no III Ranking da Cúpula da Cachaça na Categoria Prata 2016 - 2° Lugar no Superior Taste Award - Bruxelas/Bélgica / Conferido pelo ITQI 2015 - 2° Lugar categoria ""destilados"" no Spirits Selection 2015. Etapa realizada no Brasil. 2012 - 3° Lugar na II Expo Cachaça dose dupla""- São Paulo/SP - Categoria: Cachaças Brancas e Envelhecidas ""Degustação as Cegas” 2011 - 5° Lugar na Expo Cachaça Dose Dupla - São Paulo/SP - Categoria: Cachaças Brancas ""Degustação as Cegas” É proibida a venda e consumo de bebidas alcoólicas para menores de 18 anos. Beba com moderação. Se beber não dirija. É proibida a venda e consumo de bebidas alcoólicas para menores de 18 anos. Beba com moderação. Se beber não dirija. ",Volume: 600 ml, 42%, Amendoim Envelhecimento: 6 meses, Lençóis Paulista / SP,,,https://www.cachacaepresente.com.br/produtos/cachaca-alambique-engenho-sao-luiz-descansada-amendoim-600-ml/,24/07/2021 17:39
13,60fc83a670b4b14381fe411a,Cachaça João Mendes Ouro Carvalho 700 ML,"      R$51,90      ","Cachaça João Mendes Ouro Carvalho 700 ML ORIGEM: Cachaça Mineira produzida em Perdões - Minas Gerais -Brasil Produzida no Sítio Vó Zirica por João Batista Mendes Cachaça de alambique destilada do mosto fermentado de caldo da cana-de-açúcar Não contém glúten. Validade Indeterminada. Madeira: Envelhecida de 2 a 4 anos em tonéis de carvalho. Conteúdo: 700ml - Garrafa Cachaça do Brasil/Brazil Graduação Alcoólica: 38% Medidas: Altura: 28, 5 cm - Diâmetro: 7,2 cm MAPA: MG 005811 0001-9 Para refinar mais seu sabor, a cachaça é envelhecida em tonéis de carvalho, por um período entre dois e quatro anos enriquecendo ainda mais seu aroma. O resultado é uma cachaça artesanal com verdadeiro sabor mineiro. ",Volume: 700 ML, 38%, Envelhecida de 2 a 4 anos em tonéis de carvalho., Cachaça Mineira produzida em Perdões - Minas Gerais -Brasil ,,,https://www.cachacaepresente.com.br/produtos/cachaca-joao-mendes-ouro-carvalho-700-ml/,24/07/2021 17:40
14,60fc83a770b4b14381fe411b,Cachaça de Alambique Reserva do Gerente Ouro 700 ml,"      R$89,00      ","Cachaça de Alambique Reserva do Gerente Ouro 700 ml www.cachacaepresente.com.br ORIGEM: Cachaça Capixaba produzida em Guarapari - Espírito Santo - Brasil Produzida pela Cachaçaria Reserva do Gerente Cachaça de alambique destilada do mosto fermentado de caldo da cana-de-açúcar Não contém glúten. Validade Indeterminada. Madeira: Envelhecida 5 anos em tonéis de Carvalho Conteúdo: 700ml - Garrafa Brasil Graduação Alcoólica: 42% Medidas: Altura: 29 cm - Diâmetro: 7 cm MAPA: ES 06597 00001-0 Um dos diferenciais encontrados na Cachaça Reserva do Gerente é o plantio. As sementes de cana-de-açúcar do gênero saccharum são escolhidas cuidadosamente. A saccharum se adapta melhor ao solo e ao clima da Ponta da Fruta, na cidade de Vitória, Espirito Santo, onde é feita sua fabricação. (Mapa da Cachaça) Dourada, boa viscosidade, de natureza alcoólica suave, no aroma e sabor. Macia na boca, com toques de castanha. Retrogosto harmônico e agradável. (Cúpula da Cachaça) ALGUNS PRÊMIOS: 4.o Lugar no 1.o Ranking Cúpula da Cachaça 2014 3.o Lugar no II Concurso de Avaliação da Qualidade da Cachaça"" durante o VI Brazilian Meeting On Chemistry Of Food And Beverages-2006 3.o Lugar Melhores Cachaças em 2003 Ranking Revista Playboy ",Volume: 700 ml, 42%, Envelhecida 5 anos em tonéis de Carvalho, Cachaça Capixaba produzida em Guarapari - Espírito Santo - Brasil ,,"4.o Lugar no 1.o Ranking Cúpula da Cachaça 2014
3.o Lugar no II Concurso de Avaliação da Qualidade da Cachaça durante o VI Brazilian Meeting On Chemistry Of Food And Beverages-2006
3.o Lugar Melhores Cachaças em 2003 Ranking Revista Playboy",https://www.cachacaepresente.com.br/produtos/cachaca-de-alambique-reserva-do-gerente-ouro-700-ml/,24/07/2021 17:40
15,60fc83a770b4b14381fe411c,Cachaça Weber Haus Premium 4 anos certificado especial orgânica 750 ml,"      R$199,00      ","Cachaça Weber Haus Premium 4 anos certificado especial orgânica 750 ml. OPINIÃO: Blog Marvada - A cachaça produzida pela família Weber é suave, de sabor marcadamente amadeirado que destaca a alma carvalheira dos barris em que é envelhecida. É uma bebida que se consome sem dificuldade e que pode figurar em qualquer carta de bebidas sofisticadas. Compre na cachaçaepresente.com.br, você vai se apaixonar por essa maravilha, veja também a envelhecida 6 anos. ORIGEM: Cachaça Gaúcha produzida em Ivoti - Rio Grande do Sul - Brasil Produzida pela Cachaçaria Weber Haus Madeira: Envelhecida 4 anos carvalho francês - Premium - Orgânica Conteúdo: 700ml - Garrafa exclusiva Caixa papelão Graduação Alcoólica: 38% Destilada em alambiques e envelhecida em barris de carvalho francês durante três anos, o que proporciona um sabor amadeirado. Própria para ser consumida como aperitivo ou digestivo após as refeições. ALGUNS PRÊMIOS: 2012 - 2.o Lugar - Degustação às cegas - 21ª Expo Cachaça Dose Dupla 2011 - Entre as 15 melhores - 21ª Expo Cachaça Dose Dupla 2010 - Gold Medal - CONCOURS MONDIAL BRUXELLES - Spirit Selection 2009 - Gold Medal - CONCOURS MONDIAL BRUXELLES - Spirit Selection 2008 - Gold Medal - CONCOURS MONDIAL BRUXELLES - Spirit Selection Certificações - Certificação INMETRO Portaria nº 126 de 24 de junho de 2005. - Certificado IBD – São Concedidas quando todas as etapas da produção, desde o preparo do solo, colheita e elaboração se enquadram nos requisitos estabelecidos pela Lei Orgânica, dentro dos padrões ecológicos e com absoluta rastreabilidade. Os processos de produção atestam o cuidado e a dedicação em oferecer produtos de qualidade com garantia de origem. ",Volume: 750 ml, 38%, Envelhecida 4 anos carvalho francês - Premium - Orgânica, Cachaça Gaúcha produzida em Ivoti - Rio Grande do Sul - Brasil ,,"2012 - 2.o Lugar - Degustação às cegas - 21ª Expo Cachaça Dose Dupla 
2011 - Entre as 15 melhores - 21ª Expo Cachaça Dose Dupla 
2010 - Gold Medal - CONCOURS MONDIAL BRUXELLES - Spirit Selection 
2009 - Gold Medal - CONCOURS MONDIAL BRUXELLES - Spirit Selection
2008 - Gold Medal - CONCOURS MONDIAL BRUXELLES - Spirit Selection",https://www.cachacaepresente.com.br/produtos/cachaca-weber-haus-premium-4-anos-certificado-especial-organica-750-ml/,24/07/2021 17:40
16,60fc83a770b4b14381fe411d,Cachaça Weber Haus Extra Premium reserva especial 6 anos 750 ml,"      R$249,00      ","Cachaça Weber Haus Extra Premium reserva especial 6 anos 750 ml ORIGEM: Cachaça Gaúcha produzida em Ivoti - Rio Grande do Sul - Brasil Produzida pela Cachaçaria Weber Haus. As qualidades desta cachaça são um brinde aos sentidos. Ao buscar sutilezas de aromas e comparar sabores, encontramos surpresas onde a madeira nobre se destaca e evolui. Madeira: Envelhecida 6 anos, 5 anos em barris de carvalho francês e 1 ano em bálsamo. Conteúdo: 700ml - Garrafa exclusiva Graduação Alcoólica: 38% ALGUNS PRÊMIOS: 2020 - 11 Lugar no IV do Ranking da Cúpula da Cachaça 2012 - 1.o Lugar em degustação às cegas - 21ª Expo. Cachaça Dose Dupla 2011 - Silver Medal CONCOURS MONDIAL BRUXELLES - Spirit Selection - Silver Medal 2010 - Gold Medal CONCOURS MONDIAL BRUXELLES - Spirit Selection - Gold Med ",Volume: 750 ml, 38%," Envelhecida 6 anos, 5 anos em barris de carvalho francês e 1 ano em bálsamo.", Cachaça Gaúcha produzida em Ivoti - Rio Grande do Sul - Brasil ,,"2020 - 11 Lugar no IV do Ranking da Cúpula da Cachaça 
2012 - 1.o Lugar em degustação às cegas - 21ª Expo. Cachaça Dose Dupla 
2011 - Silver Medal CONCOURS MONDIAL BRUXELLES - Spirit Selection - Silver Medal 
2010 - Gold Medal CONCOURS MONDIAL BRUXELLES - Spirit Selection - Gold Med",https://www.cachacaepresente.com.br/produtos/cachaca-weber-haus-extra-premium-reserva-especial-6-anos-750-ml/,24/07/2021 17:40
17,60fc83a770b4b14381fe411e,Cachaça Gatinha 600 ML - Companheira,"      R$49,90      ","Cachaça Gatinha 600 ML - Companheira Cachaça Companheira Gatinha Blend de Madeiras 600ml Produzida com cana selecionada e com alto teor de açúcar, a Companheira Gatinha é o que há de excelência quando o assunto é blend de madeiras. O Blend de Madeiras é composto por: Cachaça Envelhecida em Barris de Carvalho (Americano e Europeu) com Cachaça Armazenada em Tonéis de Imburana e Cachaça Prata Armazenada em Tonéis de Aço Inox. Premiações: Medalha de Prata na Cacharitiba – 2019. Medalha de Ouro na Expocachaça – 2018. Origem: Jandaia do Sul - Paraná Tipo de bebida: Cachaça Gatinha Blend de Madeiras Madeira: Carvalho Americano, Carvalho Europeu, Imburana e Tanque de Aço Inox. Graduação: 40% vol. Volume: 670 ml. Tempo de Envelhecimento: 4 anos Carvalho Americano e Carvalho Europeu, 2 Anos Imburana e Tanque de aço Inox ",Volume: 600 ML,," Carvalho Americano, Carvalho Europeu, Imburana e Tanque de Aço Inox. Graduação: 40% vol. Volume: 670 ml. ", Jandaia do Sul - Paraná ," 4 anos Carvalho Americano e Carvalho Europeu, 2 Anos",,https://www.cachacaepresente.com.br/produtos/cachaca-gatinha-600-ml-companheira/,24/07/2021 17:40
18,60fc83a770b4b14381fe411f,Cachaça Frazao Especial Carvalho 750 ML,"      R$113,90      ","Cachaça Frazao Especial Carvalho 750 ML Origem: Pitangui/MG Madeira: Carvalho. Grad. Alcoólica: 42% Volume: 670 ml Cachaça amarela, no paladar, traz um gosto doce característica da madeira carvalho. Retrogosto agradável e doce. ",Volume: 750 ML,, Carvalho. , Pitangui/MG ,,,https://www.cachacaepresente.com.br/produtos/cachaca-frazao-especial-carvalho-750-ml/,24/07/2021 17:40
19,60fc83a770b4b14381fe4120,Cachaça Dom Tapparo Carvalho 3 Anos 700 ML,"      R$79,90      ","Cachaça Dom Tapparo Carvalho 3 Anos 700 ML Origem: Mirassol/SP Madeira: Carvalho Envelhecimento: 3 anos Grad. Alcoólica: 38% Volume: 700ml Cachaça Premium envelhecida por 3 anos em barris de carvalho. Marca: Dom Tápparo Alambique Dom Tápparo: Tudo começou como um hobby. A empresa foi aberta em 1978 por José Tápparo e, no início, a ideia era só vender para alguns amigos e familiares. As cachaças foram conquistando as pessoas da região e negócio prosperou. “Meu avô começou com uma produção de 5 mil litros e hoje fazemos 600 mil”, diz Giovanni Tápparo, neto do fundador. Com o falecimento de José em 2016, o negócio é gerido pelo filho Adenilson e pelos três netos Giovanni, Bruno e Breno. ",Volume: 700 ML,, Carvalho , Mirassol/SP ,,,https://www.cachacaepresente.com.br/produtos/cachaca-dom-tapparo-carvalho-3-anos-700-ml/,24/07/2021 17:40
20,60fc83a870b4b14381fe4121,Cachaça Pinga Ni Mim Balsamo 700 ML,"      R$184,90      ","Cachaça Pinga Ni Mim Balsamo 700 ML ORIGEM: Salinas / MG Grad. Alc: 40% Envelhecimento: 02 ANOS Madeira: Balsamo A Cachaça Pinga Ni Mim produzida em homenagem ao grande cantor e ator Sergio Reis, que tem a música como marco em sua carreira! Produzida em Salinas/MG, que é referência na produção de cachaças de qualidade, é armazenada por dois anos em barris de Amburana, árvore tipicamente brasileira. Uma cachaça elegante, equilibrada, persistente e com baixa acidez, sabor adocicado e aroma com notas de canela e baunilha, resultado de uma profunda análise sensorial e exigente padrão de qualidade. Harmonização: Peixes, frutos do mar, feijoada ou sobremesas ",Volume: 700 ML,, Balsamo, Salinas / MG , 02 ANOS,,https://www.cachacaepresente.com.br/produtos/cachaca-pinga-ni-mim-balsamo-700-ml/,24/07/2021 17:41
21,60fc83a870b4b14381fe4122,Coquetel de Mel Dom Tápparo 1 Litro,"      R$36,90      ","Coquetel de Mel Dom Tápparo 1 Litro Origem: Mirassol/SP Grad. Alcoólica: 28,5% Volume: 1000 ml INFORMAÇÕES DO PRODUTO Coquetel de Mel com cachaça. ",,,, Mirassol/SP ,,,https://www.cachacaepresente.com.br/produtos/coquetel-de-mel-dom-tapparo-1-litro/,24/07/2021 17:41
22,60fc83a870b4b14381fe4123,Canelinha Kenga Dom Tápparo 1L,"      R$31,90      ","Canelinha Kenga Dom Tápparo 1 Litro Origem: Mirassol/SP Grad. Alcoólica: 28,5% Volume: 1000 ml Informações do Produto: Coquetel de Canela com cachaça. ",,,, Mirassol/SP,,,https://www.cachacaepresente.com.br/produtos/canelinha-kenga-dom-tapparo-1l/,24/07/2021 17:41
23,60fc83a870b4b14381fe4124,Cachaça com Caju e Hortelã Cajulã 670 ML,"      R$49,90      ","Cachaça com Caju e Hortelã Cajulã 670 ML Bebida Mista com Fruta Origem: Senador José Bento / Minas Gerais Teor Alcoólico: 15 % Volume: 700 Ml Uma bebida extremamente refrescante, de um sabor ímpar, 100% artesanal, produzido com cachaça de alambique. Idel consumir bem gelado(Freezer) ",Volume: 670 ML,,, Senador José Bento / Minas Gerais ,,,https://www.cachacaepresente.com.br/produtos/cachaca-com-caju-e-hortela-cajula-670-ml/,24/07/2021 17:41
24,60fc83a970b4b14381fe4125,Cachaça Santa Martha Ouro Grápia 670ML,"      R$59,90      ","Cachaça Santa Martha Ouro Grápia 670ML Origem: Ivoti/RS Madeira: Grápia Envelhecimento: 1 ano Grad. Alcoólica: 38% Volume: 670ml A Cachaça Santa Martha, envelhecida por 1 ano em barris de Grápia. Uma cachaça cor amarelo palha, no paladar tem um sabor amadeirado e adocicado, com notas de canela e baunilha. ",Volume: 670ML,, Grápia Envelhecimento: 1 ano, Ivoti/RS,,,https://www.cachacaepresente.com.br/produtos/cachaca-santa-martha-ouro-grapia-670ml/,24/07/2021 17:41
25,60fc83a970b4b14381fe4126,Cachaça Rainha do Vale Prata Jequitiba 600 ML,"      R$39,90      ",Cachaça Rainha do Vale Prata Jequitiba 600 ML Origem: Belo Vale/MG Madeira: Jequitibá Envelhecimento: 2 anos Grad. Alcoólica: 45% Volume: 600ml ,Volume: 600 ML,, Jequitibá Envelhecimento: 2 anos , Belo Vale/MG , 2 anos,,https://www.cachacaepresente.com.br/produtos/cachaca-rainha-do-vale-prata-jequitiba-600-ml/,24/07/2021 17:41
26,60fc83a970b4b14381fe4127,Cachaça Pinga Ni Mim Blend Carvalho e Amburana 670 ML,"      R$65,90      ","Cachaça Pinga Ni Mim Blend Carvalho e Amburana 670 ML A Cachaça Pinga ni Mim, produzida pela Meia Lua Destilaria, é uma homenagem ao cantor e ator, Sérgio Reis, que tem a música como marco na sua carreira de grande artista nacional. Lançada nos anos 80 a música Pinga Ni Mim ultrapassa gerações e é sucesso até hoje em todos os shows em que é apresentada. Destilada em alambiques de cobre, a cachaça Pinga Ni Mim é um blend especial de cachaça envelhecida por três anos em barris de Carvalho com cachaça envelhecida por 2 anos em barris de Amburana. Apresenta notas aromáticas frutadas, de coco caramelizado, amêndoas e baunilha além de um toque de especiarias, que resulta num produto suave, de coloração intensa. Grad. Alcoólica: 40% ​Volume: 670 ml Tempo de Envelhecimento: 3 anos em carvalho e 3 anos em amburana Origem: Salinas/MG Coloração: Dourada Análise: Notas aromáticas frutadas, de coco caramelizado, amêndoas e baunilha. ",Volume: 670 ML,,, Salinas/MG , 3 anos em carvalho e 3 anos,,https://www.cachacaepresente.com.br/produtos/cachaca-pinga-ni-mim-blend-carvalho-e-amburana-670-ml/,24/07/2021 17:42
27,60fc83a970b4b14381fe4128,Cachaça Ouro Rota 48 Amburana 1L,"      R$74,90      ","Cachaça Ouro Rota 48 Amburana 1L ORIGEM: Cachaça Gaúcha produzida em Ivoti - Rio Grande do Sul - Brasil Produzida pela Cachaçaria Weber Haus. A Cachaça Weber Haus Rota 48 é uma homenagem da destilaria Weber Haus à Rota 48, um trajeto muito utilizado por tropeiros no século XIX, construída por imigrantes alemães que povoaram a cidade de Ivoti, no Rio Grande do Sul, e finalizada com recursos de Dom Pedro II, devido a sua importância comercial. Parte da rota ficou conhecida como a “Ponte do Imperador” e contava com hospedarias para os viajantes, ferrarias, comércio de charque e, inclusive, de cachaça. Ponto turístico da região, hoje a Rota 48 faz parte da “Rota Romântica” e é o principal acesso à Weber Haus. Graduação Alcoólica:40% Volume: 1000 ML Madeira: Amburana Envelhecimento: 6 meses ",,40%, Amburana, Cachaça Gaúcha produzida em Ivoti - Rio Grande do Sul - Brasil ,,,https://www.cachacaepresente.com.br/produtos/cachaca-ouro-rota-48-amburana-1l/,24/07/2021 17:42
28,60fc83a970b4b14381fe4129,Cachaça Harmonie Schnaps 700ml,"      R$79,90      ","Cachaça Harmonie Schnaps 700ml cachaca e presente, um presente diferente! Origem: Região de Betim - MG, na Cidade de Hamonia - RS, Madeira: Bálsamo Envelhecimento: 1 ano Grad. Alcoólica: 38% Volume: 700ml Ideal Para Tomar Pura, ela é refrescante, deixando um frescor em seu paladar. Envelhecida em barris de uma tosta média e com capacidade até 700 Litros (considerado pequeno). A fermentação utilizada são leveduras selecionadas. O grande resultado é de uma cachaça leve, suave e sem grande acidez. ATENÇÃO prazo de entrega: Poderá ocorrer um prazo maior para entrega em função da epidemia, mais você fez uma ótima compra sem sair de casa. #Fica em Casa. ",Volume: 700ml,, Bálsamo Envelhecimento: 1 ano ," Região de Betim - MG, na Cidade de Hamonia - RS, ",,,https://www.cachacaepresente.com.br/produtos/cachaca-harmonie-schnaps-700ml/,24/07/2021 17:42
29,60fc83aa70b4b14381fe412a,Cachaça Sabicana Ouro Especial 700 ML,"      R$59,90      "," Cachaça Sabicana Especial 700ml. Produzida Em Sabinópolis, Minas Gerais. De Fabricação Artesanal, Possui Baixa Acidez E Sabor Marcante. Envelhecida Por 3 Anos Em Barris De Carvalho. Cachaça Sabicana, O Verdadeiro Ouro De Minas. Envelhecimento: 3 Anos. Madeira: Carvalho. Premiações: Medalha De Prata Na Categoria Cachaça Carvalho Na ExpoCachaça 2016. ",Volume: 700 ML,, Carvalho. ,, 3 Anos,,https://www.cachacaepresente.com.br/produtos/cachaca-sabicana-ouro-especial-700-ml/,24/07/2021 17:42
30,60fc83aa70b4b14381fe412b,Cachaça Germana Soul 1000 ML,"      R$79,90      ","Cachaça Germana Soul 1000ml Estado: Minas Gerais Cidade: Nova União/MG Envelhecimento: inox(mínimo 90 dias) Grad. Alcoólica: 40% Volume: 1000 ml A Cachaça Germana Soul é uma bebida não envelhecida, leve, com graduação alcoólica de 40%, e desenvolvida especialmente para o mercado de caipirinhas, drinks e coquetéis. Agrada, também, quem aprecia a cachaça branca em estado cremoso, denso e super gelada. Para isso, recomenda-se o descanso permanente dentro de um freezer, resultando, assim, em aroma e sabor refrescante e suave de cana-de-açúcar. Seu nome, Soul (alma, em inglês), expressa a pureza do produto em sua forma pura e original, já que é produzida e imediatamente depositada em tonéis de inox. Eventualmente o rótulo e/ou modelo de garrafa poderão ser mais atuais que a foto deste anúncio ",Volume: 1000 ML,,,,,,https://www.cachacaepresente.com.br/produtos/cachaca-germana-soul-1000-ml/,24/07/2021 17:42
31,60fc83aa70b4b14381fe412c,Cachaça Jacuba Prata 750 ML,"      R$89,99      ",Kit Cachaça Jacuba Prata 750 ML Origem: Coronel Xavier Chaves / Minas Gerais Madeira: Neutra. Envelhecimento: N/A. Teor Alcoólico: 40%. Volume: 750ml Tipo: Prata ,Volume: 750 ML,, Neutra. , Coronel Xavier Chaves / Minas Gerais ,,,https://www.cachacaepresente.com.br/produtos/cachaca-jacuba-prata-750-ml/,24/07/2021 17:42
32,60fc83aa70b4b14381fe412d,Cachaça Beleza de Minas Ouro 1 Litro,"      R$59,90      ","Cachaça Beleza de Minas Ouro 1 Litro Origem: Salinas/ Minas Gerais Madeira: Castanheira, Louro Canela. Teor Alcóolico: 43%. Volume: 1000ml. Envelhecimento: 2 anos. ",,," Castanheira, Louro Canela.", Salinas/ Minas Gerais, 2 anos,,https://www.cachacaepresente.com.br/produtos/cachaca-beleza-de-minas-ouro-1-litro/,24/07/2021 17:43
33,60fc83aa70b4b14381fe412e,Cachaça Premium Jequitibá 700ml Dom Tápparo,"      R$119,00      ","Cachaça Dom Tápparo Premium 6 Anos 700 ml Cachaça Envelhecida 6 anos em Toneis de Jequitibá Grad. Alc: 38% Volume: 700 ML Origem: Mirassol / SP O envelhecimento de cachaças em barris de Jequitibá rosa, bem como suas características sensoriais, é considerado muito nobre. Essa madeira produz cachaças muito leves e com baixa acidez. Ficou uma cachaça extremamente ",Volume: 700ml,,, Mirassol / SP ,,,https://www.cachacaepresente.com.br/produtos/cachaca-premium-jequitiba-700ml-dom-tapparo/,24/07/2021 17:43
34,60fc83aa70b4b14381fe412f,Cachaça Cabaré Extra Premium 15 Anos 700ml,"      R$399,99      ","Cachaça Cabaré Extra Premium 15 Anos 700ml Origem: Mirassol/SP Madeira: Carvalho Envelhecimento: 15 anos Grad. Alcoólica: 38% Volume: 700 ml A Cachaça Cabaré é armazenada por 15 anos em tonéis de carvalho europeu e envasada em garrafa de design francês. A cachaça é uma parceria da dupla de cantores Leonardo e Eduardo Costa , pelo engenho Dom Tápparo. PREMIAÇÕES 2019 - Medalha de Duplo Ouro no Concurso Vinhos e Destilados do Brasil, realizado em São Paulo 2018 - Medalha de Ouro no Concurso Mundial de Bruxelas Edição Brasil 2017 - Medalha de Prata no Concurso Mundial de Bruxelas Edição Brasil 2017 - Medalha de Ouro no Expo Cachaça 2016 - Medalha de Prata no Concurso Mundial de Bruxelas Edição Brasil 2016 - 1o Lugar da 26a Expo Cachaça de Belo Horizonte/MG, Categoria Super Premium Degustação as Cegas. ",Volume: 700ml,, Carvalho , Mirassol/SP , 15 anos,,https://www.cachacaepresente.com.br/produtos/cachaca-cabare-extra-premium-15-anos-700ml/,24/07/2021 17:43
35,60fc83ab70b4b14381fe4130,Cachaça Artesanal Rapariga em Couro Ecológico 350 ML,"      R$29,90      ","Cachaça Artesanal Rapariga em Couro Ecológico 350 ML Cachaça de Alambique revestido em Couro Ecológico 350 ML Produto 100% Artesanal Garrafa de Vidro, revestido em couro ecológico. Um excelente trabalho conjunto entre artesãos, produtores de bebidas regionais e designers industriais. A Cachaça é produzida numa região do Ceará que tem tradição na elaboração de cachaças desde a colonização, mais de 400 anos atrás, região serrana chamada Serra de Ibiapaba em Viçosa - Ce. A cachaça produzida pelo Alambique Mamulengo tem um aroma peculiar desde a abertura da garrafa até o primeiro gole. Teor Alc: 38% Volume: 350 ML ",Volume: 350 ML,,,,,,https://www.cachacaepresente.com.br/produtos/cachaca-artesanal-rapariga-em-couro-ecologico-350-ml/,24/07/2021 17:43
36,60fc83ab70b4b14381fe4131,Cachaça Artesanal Rapariga Pau D`Agua com Copo 500 ML,"      R$89,90      ","Cachaça Artesanal Rapariga Pau D`Agua com Copo 500 ML Garrafa Pet revestido com serragem imitando um tronco de árvore com Cachaça de Alambique 500 ML Cachaça é Presente, um presente diferente! Produto 100% Artesanal Garrafa Pet, imitando um tronco de árvore com cordas para pendurar e um copinho de madeira. Um maravilhoso trabalho conjunto entre artesãos, produtores de bebidas regionais e designers industriais. A especial em pet, não altera o sabor da cachaça. A Cachaça é produzida numa região do Ceará que tem tradição na elaboração de cachaças desde a colonização, mais de 400 anos atrás, região serrana chamada serra de Ibiapaba em Viçosa - Ce. A cachaça produzida pelo alambique mamulengo tem um aroma peculiar desde a abertura da garrafa até o primeiro gole. Teor Alc: 38% Volume: 500 ML ",Volume: 500 ML,,,,,,https://www.cachacaepresente.com.br/produtos/cachaca-artesanal-rapariga-pau-dagua-com-copo-500-ml/,24/07/2021 17:43
37,60fc83ab70b4b14381fe4132,Cantil Cachaça Rapariga Revestida 500 ML,"      R$39,90      ","Cantil Cachaça Rapariga Revestido em Couro Ecológico 500 ML Cantil com Cachaça de Alambique revestido em Couro Ecológico 500 ML Produto 100% Artesanal Garrafa Pet, revestido em couro ecológico e com fita para pendurar, um trabalho conjunto entre artesãos, produtores de bebidas regionais e designers industriais. A especial em pet, não altera o sabor da cachaça. A Cachaça é produzida numa região do Ceará que tem tradição na elaboração de cachaças desde a colonização, mais de 400 anos atrás, região serrana chamada serra de Ibiapaba em Viçosa - Ce. A cachaça produzida pelo alambique mamulengo tem um aroma peculiar desde a abertura da garrafa até o primeiro gole. Teor Alc: 38% Volume: 500 ML ",Volume: 500 ML,,,,,,https://www.cachacaepresente.com.br/produtos/cantil-cachaca-rapariga-revestida-500-ml/,24/07/2021 17:43
38,60fc83ab70b4b14381fe4133,Garrafa Maria Bonita P com Cachaça de Alambique 160 ml,"      R$49,90      ","Garrafa Maria Bonita P com Cachaça de Alambique 160 ml Produto 100% Artesanal feito de barro. Um excelente trabalho conjunto entre artesãos, produtores de bebidas regionais e designers industriais. A Cachaça é produzida numa região do Ceará que tem tradição na elaboração de cachaças desde a colonização, mais de 400 anos atrás, região serrana chamada serra de Ibiapaba em Viçosa - Ce. A cachaça produzida pelo alambique mamulengo tem um aroma peculiar desde a abertura da garrafa até o primeiro gole. Teor Alc: 38% Volume: 160 ML ",Volume: 160 ml,,,,,,https://www.cachacaepresente.com.br/produtos/garrafa-maria-bonita-p-com-cachaca-de-alambique-160-ml/,24/07/2021 17:43
39,60fc83ab70b4b14381fe4134,Cachaça Serra das Almas Prata Orgânica 700 ML,"      R$69,90      "," C Cachaça Serra das Almas Prata 670 ml - Orgânica Das cachaças Brancas, essa cachaça caiu no gosto de quem gosta de uma branquinha e suave. Pode tomar pura ou gelada no freezer ela fica hiper licorosa. ORIGEM: Cachaça baiana produzida Rio de Contas - Chapada Diamantina - Bahia - Brasil Produzida pela Fazenda Vaccaro A primeira cachaça a ter selo orgânico, em 2002. ""O que é esse selo orgânico? No canavial a adubação é natural. No caso dessa cachaça, metade do bagaço da cana que é moída pra fazer a fermentação (a garapa) é usada para adubar o canavial e a outra metade é usada como combustível para a caldeira."" Filiada à Associação Baiana dos Produtores de Cachaça de Qualidade. PRÊMIO: 1.o Lugar no Ranking de Cachaças Brancas da Revista VIP - 2011 Certificação: - Certificado IBD – São Concedidas quando todas as etapas da produção, desde o preparo do solo, colheita e elaboração se enquadram nos requisitos estabelecidos pela Lei Orgânica, dentro dos padrões ecológicos e com absoluta rastreabilidade. Os processos de produção atestam o cuidado e a dedicação em oferecer produtos de qualidade com garantia de origem. ",Volume: 700 ML,,, Cachaça baiana produzida Rio de Contas - Chapada Diamantina - Bahia - Brasil ,,"1.o Lugar no Ranking de Cachaças Brancas da Revista VIP - 2011",https://www.cachacaepresente.com.br/produtos/cachaca-serra-das-almas-prata-organica-700-ml/,24/07/2021 17:44
40,60fc83ab70b4b14381fe4135,Cachaça Coqueiro Ouro 700ML 3 anos Envelhecida no Carvalho,"      R$83,90      ","Cachaça Coqueiro Ouro 700ML 3 anos Envelhecida no Carvalho ORIGEM: Cachaça produzida em Paraty - Rio de Janeiro - Brasil Alambique Artesanal Coqueiro Cachaça de alambique destilada do mosto fermentado de caldo da cana-de-açúcar, envelhecida em barris de carvalho por 3 anos Teor Alc: 42% Cor amarelo palha com reflexos dourados, densa e límpida. Olfativo > fina, intensa e de média persistência. Aroma marcante de ervas, frutas e madeira. Encorpada, macia, intensa e persistente, Deixa uma boca enxuta, frutada e com forte impressão de ervas. Harmonização: Devido ao estágio em madeira, responsável pelo corpo marcante, é apropriada para acompanhar pratos condimentados e suculentos. Em dias quentes, pode ser apreciada com cubos de gelo. ",Volume: 700ML,,, Cachaça produzida em Paraty - Rio de Janeiro - Brasil Alambique Artesanal Coqueiro ,,,https://www.cachacaepresente.com.br/produtos/cachaca-coqueiro-ouro-700ml-3-anos-envelhecida-no-carvalho/,24/07/2021 17:44
41,60fc83ab70b4b14381fe4136,Cachaça Paratiana Mulatinha Prata 750ml,"      R$51,90      ","Cachaça Paratiana Mulatinha Prata 750ml Armazenada em tonéis de aço inoxidável Volume: 750 ml Teor Alc: 43% Uma autêntica Branquinha, pouco densa e límpida. Um aroma fino, intenso e medianamente persistente. lembra frutas, ervas e uma nota mineral. Ligeiramente Incorpada ideal para fazer drinks e a famosa caipirinha. ",Volume: 750ml,,,,,,https://www.cachacaepresente.com.br/produtos/cachaca-paratiana-mulatinha-prata-750ml/,24/07/2021 17:44
42,60fc83ac70b4b14381fe4137,Cachaça Dom Tápparo Extra Premium 10 Anos Especial 750ml,"      R$269,00      ","Cachaça Dom Tápparo Extra Premium 10 Anos Especial 750 ml Origem: Mirassol / SP Madeira: Amendoim e Carvalho Envelhecimento: 7 anos no Amendoim e 3 anos no Carvalho Grad. Alcoólica: 40% Volume: 750 ml Uma cachaça que ficou muito suave e especial, vale muito experimentar é de um requinte, lembra um bourbon maravilhoso. PRÊMIOS Gran Ouro no Concurso Mundial de Bruxelas em 2017 Edição Brasil. ",Volume: 750ml,, Amendoim e Carvalho Envelhecimento: 7 anos no Amendoim e 3 anos no Carvalho , Mirassol / SP , 10 anos,"Gran Ouro no Concurso Mundial de Bruxelas em 2017 Edição Brasil.",https://www.cachacaepresente.com.br/produtos/cachaca-dom-tapparo-extra-premium-10-anos-especial-750ml/,24/07/2021 17:44
43,60fc83ac70b4b14381fe4138,Cachaça Extra Premium Weber Haus 12 Anos Lote 48 750 ml,"      R$3.299,00      ","Cachaça Extra Premium Weber Haus 12 Anos Lote 48 750 ml A Cachaça Weber Haus Extra Premium 12 anos – Lote 48 – 750 ml é uma cachaça envelhecida 6 anos em barris de carvalho francês e 6 anos em bálsamo. Uma cachaça única, elaborada a partir da excelência na apreciação da bebida. Pensado muito criteriosamente em todos os detalhes. Apenas 2 mil garrafas feitas artesanalmente a partir do sopro do vidro em fornalhas, numeradas e lacradas à mão, nasce o inédito rótulo Weber Haus Lote 48 12 anos. Cachaça com 12 anos de envelhecimento, vendida em escala de raridade, com preço diferenciado, e destinada a colecionadores e amantes da bebida símbolo do Brasil. Essa é a definição da Lote 48 – 12 anos. Seu blend foi escolhido por 20 especialistas em destilados, que assinam e validam essa iguaria, uma cachaça guardada em 18 pipas durante 12 anos - seis em madeira de bálsamo e seis em carvalho francês. São apenas duas mil garrafas e todas as peças que ornamentam a embalagem são banhadas a ouro 18 quilates. Cachaça envelhecida 6 anos em barris de carvalho francês e 6 anos em barris de bálsamo. Com 2 Taças personalizadas em cristal, dois certificados. ",Volume: 750 ml,,,,,,https://www.cachacaepresente.com.br/produtos/cachaca-extra-premium-weber-haus-12-anos-lote-48-750-ml/,24/07/2021 17:44
44,60fc83ac70b4b14381fe4139,Cachaça Aqua Benta Premium 500 ml com Caixa Alambique Rio do Engenho,"      R$55,90      ","Cachaça Aqua Benta Premium 500 ml com Caixa Alambique Rio do Engenho www.cachacaepresente.com.br Cachaça Acqua de Água Benta Premium 500 ml com Caixa Origem: Ilhéus/BA Armazenada por dois anos, carrega o sabor característico do Bálsamo envolvido por um leve sabor de Louro-Canela, criando uma característica típica tanto em paladar quanto em aroma. Madeira: Bálsamo e Louro-Canela Envelhecimento: 2 anos Teor Alcoólico: 38% Volume: 500 ml ",Volume: 500 ml,, Bálsamo e Louro-Canela Envelhecimento: 2 anos , Ilhéus/BA, 2 anos,,https://www.cachacaepresente.com.br/produtos/cachaca-aqua-benta-premium-500-ml-com-caixa-alambique-rio-do-engenho/,24/07/2021 17:44
45,60fc83ad70b4b14381fe413a,Cachaça Artesanal Mato Dentro Ouro Carvalho 700 ml,"      R$69,90      ",Cachaça Artesanal Mato Dentro Ouro 700 ml www.cachacaepresente.com.br Cachaça é História Origem: São Luiz do Paraitinga / SP Madeira: Carvalho Graduação: 41% Envelhecimento: 2 anos em Barril de Carvalho Produzida na histórica cidade de São Luiz de Paraitinga /SP que serve de cenário inspirador para a produção de uma das mais tradicionais bebidas brasileiras. traz o sabor único e marcante da madeira Carvalho. Saúde!! ,Volume: 700 ml,, Carvalho, São Luiz do Paraitinga / SP, 2 anos,,https://www.cachacaepresente.com.br/produtos/cachaca-artesanal-mato-dentro-ouro-carvalho-700-ml/,24/07/2021 17:45
46,60fc83ad70b4b14381fe413b,Cachaça Matriarca Bálsamo 680 ml Artesanal Cachaça é Presente,"      R$52,90      "," Cachaça Matriarca Bálsamo 680 ml Artesanal Cachaça é Presente A Cachaça Matriarca Bálsamo é envelhecida por dois anos em Barris de Bálsamo, cujo processo lhe adiciona uma coloração amarelo dourado e na taça se apresenta límpida, brilhante e um corpo médio. A sensação no paladar é de um álcool que não chega a incomodar, prevalecendo aromas intensos da madeira, com notas de especiarias como cravo e anis estrelado. A sensação na boca é de picância, mas com sabor marcantemente adocicado e também com uma leve picância que se estende no retrogosto agradável de intensidade moderada. Uma cachaça com muita personalidade que vale a pena ter em casa! Origem: Medeiros Neto / BA Madeira: Bálsamo Envelhecimento: 2 anos Grad. Alcoólica: 42% Volume: 680 ml ",Volume: 680 ml,, Bálsamo Envelhecimento: 2 anos , Medeiros Neto / BA , 2 anos,,https://www.cachacaepresente.com.br/produtos/cachaca-matriarca-balsamo-680-ml-artesanal-cachaca-e-presente/,24/07/2021 17:45
47,60fc83ad70b4b14381fe413c,Cachaça Matriarca Amburana 680 ml,"      R$51,90      "," Cachaça Matriarca Amburana 680 ml - cachacaepresente.com.br A Cachaça Matriarca Amburana é envelhecida por dois anos em Barris de Umburana, cujo processo lhe adiciona uma coloração amarelo âmbar e na taça se apresenta límpida, brilhante e surpreendentemente encorpada. A sensação aromática é de pouquíssimo álcool, prevalecendo um aroma suave e adocicado de mel, com notas de especiarias, como canela e cravo da Índia. Deixa na boca uma sensação aveludada e um sabor inicial adocicado da madeira que se estende para um retrogosto agradável de intensidade moderada. Uma ótima cachaça para ser degustada gelada! Origem: Caravelas - Medeiros Neto / BA Madeira: Amburana Envelhecimento: 2 anos Grad. Alcoólica: 42% Volume: 680 ml ",Volume: 680 ml,, Amburana , Caravelas - Medeiros Neto / BA , 2 anos,,https://www.cachacaepresente.com.br/produtos/cachaca-matriarca-amburana-680-ml/,24/07/2021 17:45
48,60fc83ad70b4b14381fe413d,Cachaça Mazzaropi Envelhecida Carvalho Francês 4 Anos 700 ml Cachaça e Presente,"      R$138,90      ","Cachaça Mazzaropi Envelhecida Carvalho Francês 4 Anos 700 ml Cachaça e Presente A composição aromática é equilibrada e ideal para cachaças envelhecidas (Premium); representada por aromas amadeirados intensos, de especiarias, frutas secas, baunilha e castanhas. A amostra é extremamente aveludada na deglutição, licorosa e com picância moderada. Envelhecida em tonéis de madeira de carvalho Francês de pequeno porte. Curiosidade: A produção da Cachaça Mazzaropi começou de maneira despretensiosa, caseira, apenas para consumo dos hóspedes e amigos do Hotel Fazenda Mazzaropi, em Taubaté (SP). Atualmente a produção da cana é feita na Fazenda Fortaleza, em São Luiz do Paraitinga (SP). O barril de carvalho francês confere à bebida uma cor mais forte que lembra o sabor de mel e de baunilha, já o barril de carvalho americano deixa a cachaça com um tom mais palha e sabor mais suave. Madeira: Carvalho Envelhecimento: 4 anos Graduação Alcoólica: 40% Volume: 700 ml ",Volume: 700 ml, 40% , Carvalho Envelhecimento: 4 anos,, 4 anos,,https://www.cachacaepresente.com.br/produtos/cachaca-mazzaropi-envelhecida-carvalho-frances-4-anos-700-ml-cachaca-e-presente1/,24/07/2021 17:45
49,60fc83ad70b4b14381fe413e,Cachaça de Alambique Capotira do Maranhão Ouro 700 ml,"      R$58,90      ","Cachaça Artesanal de Alambique Ouro 670 ml Maranhense Volume: 700 ml Madeira: Carvalho e Grápia Grad. Alc: 40% Cachaça Capotira é considerada uma das melhores do Brasil e do mundo. Em um dos maiores festivais em 2017, Capotira recebeu o certificado Prata na categoria Cachaças Armazenadas em Madeiras Brasileiras. Capotira, palavra de origem indígena que significa ""flor do mato"", é uma cachaça fabricada artesanalmente em alambique de cobre e armazenada em barris de carvalho e grápia na fazenda Baixadinha, no coração da Região dos Cocais, no Estado do Maranhão. ",Volume: 700 ml,, Carvalho e Grápia,,,,https://www.cachacaepresente.com.br/produtos/cachaca-de-alambique-capotira-do-maranhao-ouro-700-ml/,24/07/2021 17:45
50,60fc83ad70b4b14381fe413f,Cachaça Artesanal Mineira João Plenário Blend 700 ml - Cachaça é Presente - Caipirinha Morena,"      R$82,90      ","Cachaça Artesanal Mineira João Plenário Blend 700 ml www.cachacaepresene.com.br Cachaça Mineira João Plenário Blend 2 madeiras armazenado em Tonéis de Carvalho e Umburana. A mistura confere ao produto final um exclusivo padrão sensorial, com Notas de Baunilha e Amêndoas e suave paladar. Uma cachaça que satisfaz o paladar dos mais exigentes apreciadores das tradicionais cachaças Brasileiras de Alambique. Grad. Alc: 39% Volume: 700 ml Eita cachaça boa! Extraordinária! Com ela não tem crise. Beba e comprove! Mas, vá com calma.Porque senão perde o juízo. E aí Blá, blá, blá... Blé, blé blé... Não entendeu??? He, he, he... Nem Eu!!! (Criado pelo multiartista Saulo Laranjeira, o prsonagem João Plenário é o estereótipo bem humorado político mulherengo do Progama A Praça é Nossa- SBT)  ",Volume: 700 ml,,,,,,https://www.cachacaepresente.com.br/produtos/cachaca-artesanal-mineira-joao-plenario-blend-700-ml-cachaca-e-presente-caipirinha-morena/,24/07/2021 17:45
51,60fc83ad70b4b14381fe4140,Cachaça Artesanal Xingó Ouro 670 ml Cachaças Marcas Diversas Caipirinha,"      R$58,90      ",Cachaça Artesanal Xingó Ouro 670 ml Cachaças Marcas Diversas Caixa Receitas de Caipirinhas Origem: Laranjeiras / Sergipe Foz do Rio São Francisco Madeira: Carvalho e Castanheira Teor Alcoólico: 39.00% Volume: 670Ml Tipo: Ouro ,Volume: 670 ml,, Carvalho e Castanheira, Laranjeiras / Sergipe Foz do Rio São Francisco ,,,https://www.cachacaepresente.com.br/produtos/cachaca-artesanal-xingo-ouro-670-ml-cachacas-marcas-diversas-caipirinha/,24/07/2021 17:46
52,60fc83ae70b4b14381fe4141,Cachaça Artesanal Engenho São Luiz Premium Amburana 750 ml,"      R$99,99      ","Cachaça Artesanal Engenho São Luiz Premium Amburana 750 ml www.cachacaepresente.com.br Cachaça é Presente, um presente diferente! Origem: Lençóis Paulista - SP Madeira: Amburana Envelhecimento: 18 meses Grad. Alcoólica: 40% Volume: 750ml. Cachaça Premium Amburana São Luiz, envelhecida por 18 meses em barris de Amburana, uma cachaça suave e macia, com aroma levemente adocicado, frutado e com toques de especiarias. ",Volume: 750 ml,, Amburana Envelhecimento: 18 meses , Lençóis Paulista - SP,,,https://www.cachacaepresente.com.br/produtos/cachaca-artesanal-engenho-sao-luiz-premium-amburana-750-ml/,24/07/2021 17:46
53,60fc83ae70b4b14381fe4142,Cachaça Alambique São Luiz Extra Premium Carvalho 600 ml,"      R$109,90      ","Cachaça Alambique São Luiz Extra Premium Carvalho 600 ml Origem: Lençóis Paulista / SP Madeira: Carvalho Envelhecimento: 3 anos (36 meses) Graduação Alcoólica: 42% Volume: 600ml Cachaça dourada, 100% artesanal envelhecida por 36 meses em barris de carvalho. Uma bebida que esbanja elegância, leveza e suavidade, criando experiências incríveis em qualquer ocasião: de uma degustação relaxante em um final de tarde a deliciosos shots e drinks em uma grande festa com os amigos. Cachaça excelente com vários Premiações. É proibida a venda e consumo de bebidas alcoólicas para menores de 18 anos. Beba com moderação. Se beber não dirija. ",Volume: 600 ml, 42%, Carvalho Envelhecimento: 3 anos (36 meses), Lençóis Paulista / SP,,,https://www.cachacaepresente.com.br/produtos/cachaca-alambique-sao-luiz-extra-premium-carvalho-600-ml/,24/07/2021 17:46
54,60fc83ae70b4b14381fe4143,Cachaça Velho Alambique Cenário 700 ml Cachaça é Presente,"      R$779,90      ","Cachaça Velho Alambique Cenário 700 ml Cachaça - Cachaça é Presente ORIGEM: Cachaça Gaúcha produzida em Santa Tereza - Rio Grande do Sul - Brasil Produzida pela Cachaçaria Velho Alambique Cachaça Cenário - Cachaça é Presente, um presente diferente! Velho Alambique Ouro é envelhecida em três tipos diferentes de barricas: carvalho grápia e angico. O blend confere maior complexidade de aromas além de contribuir para que a bebida ganhe uma coloração peculiar e única. A Cachaça Cenário é resultado de um blend de cachaças armazenadas em três tipos de madeira: carvalho angico e grápia. A Cachaça Velho Alambique ganhou medalha de prata na 10a edição brasileira do Concurso Mundial de Destilados de Bruxelas em 2013. Entre as avaliações brasileiras foi eleita a terceira melhor na categoria ""Top 10 Envelhecidas"" em 2011 durante a Expocachaça além de receber na mesma competição duas medalhas de prata em 2012 e uma medalha de prata e duas de bronze em 2013. Na Expointer 2014 - Exposição Internacional de Animais Máquinas Implementos e Produtos Agropecuários - a Velho Alambique Envelhecida e a Branca conquistaram medalha de prata e as brancas conquistaram a 2a colocação na Expointer. Madeira: Blend de Grápia Carvalho e Angíco Envelhecimento: 5 anos Grad. Alcoólica: 39% Volume: 700 ml A cachaça Velho Alambique é elaborada a partir de canaviais próprios que não possuem nenhum tipo de agrotóxico. São cultivadas de maneira orgânica, sendo assim a cachaça possui um sabor surpreendente. A Cachaça Ouro é fruto do envelhecimento da bebida em barris de Carvalho, Grápia e Angico. ",Volume: 700 ml,, carvalho angico e grápia., Cachaça Gaúcha produzida em Santa Tereza - Rio Grande do Sul - Brasil , 5 anos,,https://www.cachacaepresente.com.br/produtos/cachaca-velho-alambique-cenario-700-ml-cachaca-e-presente/,24/07/2021 17:46
55,60fc83ae70b4b14381fe4144,Cachaça Artesanal Água de Arcanjo Prata 750 ml Cachaça é Presente,"      R$99,90      ","Cachaça Artesanal Água de Arcanjo Prata 750 ml Cachaça é Presente www.cachacaepresente.com.br Cachaça Água de Arcanjo Prata, uma Garrafa linda colocando duas garrafas juntas, formam as asas do anjo, cachaça super macia para tomar pura, gelada ou em drinks, principalmente se quiser dar um requinte a sua caipirinha, todas as notas fazem parte dessa cachaça de alambique nota 10. Origem: Maquiné / RS Armazenamento: INOX Grad. Alcoólica: 40% Volume: 750 ml ",Volume: 750 ml,,, Maquiné / RS ,,,https://www.cachacaepresente.com.br/produtos/cachaca-artesanal-agua-de-arcanjo-prata-750-ml-cachaca-e-presente/,24/07/2021 17:46
56,60fc83ae70b4b14381fe4145,Cachaça Havana Edição Comemorativa 75 anos 750 ml com Certificado N. 253 Tradicional,"      R$4.299,00      ","Cachaça Havana Edição Comemorativa 75 anos 750 ml com Certificado Cachaça Tradicional de Salinas MG Cachaça Havana Edição Numerada Especial 75 Anos Cachaça é Presente N. 253. A Cachaça Tradicional Mineira, Havana começou a ser Produzida na Década de 40 Por Anisio Santiago. A Presença de Anisio Santiago é preservada pela família nos mínimos detalhes: na manutenção rigorosa do processo produtivo da cachaça HAVANA. Essa e uma Edição especial com Apenas 1000/253 Unidades todas numeradas e com Certificado. Origem: Salinas/MG Madeira: Bálsamo Envelhecimento: 10 anos Grad. Alcoólica: 47% Volume: 750 ml ",Volume: 750 ml,, Bálsamo , Salinas/MG , 10 anos,,https://www.cachacaepresente.com.br/produtos/cachaca-havana-edicao-comemorativa-75-anos-750-ml-com-certificado-n-253-tradicional/,24/07/2021 17:46
57,60fc83ae70b4b14381fe4146,Cachaça Artesanal Serra Preta 600 ml,"      R$55,90      ","Cachaça Artesanal Serra Preta 600 ml www.cachacaepresente.com.br Origem: Paraíba Graduação alcoólica - 45% Volume: 600 ml Paraibana, a empresa Serra Preta está no mercado desde 1908. A cachaça Serra Preta pode ser considerada uma cachaça orgânica, pois desde o plantio até o engarrafamento, não se usa nenhum produto químico. Para quem gosta de uma cachaça com personalidade esta é uma delas. Uma caipirinha feita com esta cachaça fica maravilhosa. ",Volume: 600 ml,,, Paraíba ,,,https://www.cachacaepresente.com.br/produtos/cachaca-artesanal-serra-preta-600-ml/,24/07/2021 17:47
58,60fc83ae70b4b14381fe4147,Cachaça Artesanal Gogó da Ema Ouro Umburana 750 ml,"      R$68,90      ","Cachaça Artesanal Gogó da Ema Ouro Umburana 750 ml​ www.cachacaepresente.com.br Cachaça de Alambique Destilado da Cana de Açucar: Origem: Fazenda Recanto São Sebastião/AL A Cachaça Gogó da Ema Ouro, armazenada em Tonéis de Umburana, representa a mais nobre das madeiras Brasileiras que fazem sucesso mundo a fora. Notas de especiarias e aromas bem adocicados, com um retrogosto bastante equilibrado. Cor: verde claro Madeira: Umburana Graduação alcoólica de 40% Volume Conteúdo 750 ml ",Volume: 750 ml,, Umburana, Fazenda Recanto São Sebastião/AL ,,,https://www.cachacaepresente.com.br/produtos/cachaca-artesanal-gogo-da-ema-ouro-umburana-750-ml/,24/07/2021 17:47
59,60fc83af70b4b14381fe4148,Cachaça Artesanal Fazenda Soledade Jequitibá 750 ml,"      R$89,90      ","Cachaça Artesanal Fazenda Soledade Jequitibá 750 ml www.cachacaepresente.com.br Cachaça descansada em tonéis de aço inoxidável. Duplamente destilada artesanalmente em alambiques de cobre, quando a fração “Coração” é selecionada através de processo conduzido lentamente para preservar aromas e sabores originais. Cachaça Fazenda Soledade é bem suave. Sua acidez equilibrada a faz muito especial tanto para ser apreciada em coquetéis, caipirinhas, como para ser degustada em shots Origem: Nova Friburgo / MG Madeira: Jequitibá Teor Alcoólico: 40% Volume: 750 ml Cachaça Bi destilada em pequenos lotes nos alambiques de cobre da Fazenda Soledade. ",Volume: 750 ml,, Jequitibá , Nova Friburgo / MG ,,,https://www.cachacaepresente.com.br/produtos/cachaca-artesanal-fazenda-soledade-jequitiba-750-ml/,24/07/2021 17:47
60,60fc83af70b4b14381fe4149,Cachaça de Alambique Doçura de Minas da Quinta das Castanheiras Ouro 750 ml,"      R$55,90      ",Cachaça de Alambique Doçura de Minas Ouro Quinta das Castanheiras 750 ml. www.cachacaepresente.com.br Origem: Camanducaia - MG Volume: 750 ml Grad. Alc: 40% Envelhecida: ,Volume: 750 ml,,, Camanducaia - MG ,,,https://www.cachacaepresente.com.br/produtos/cachaca-de-alambique-docura-de-minas-da-quinta-das-castanheiras-ouro-750-ml/,24/07/2021 17:47
61,60fc83af70b4b14381fe414a,Cachaça Artesanal Xanadu Blend Linha Madeiras Bálsamo 670 ml,"      R$99,00      "," Cachaça Artesanal Xanadu Blend Linha Madeiras Bálsamo 670 ml www.cachacaepresente.com.br Origem: Blumenau - SC. Volume: 670 ml Grad. Alc: 39% Cachaça Artesanal Xanadu Bálsamo é típica madeira da floresta tropical, o Bálsamo, é considerada leve e resistente, esta confere a coloração dourada a cachaça. O Bálsamo torna a cachaça marcante e encorpada. Harmoniza com carnes e chocolates, além de ser um excelente digestivo. ",Volume: 670 ml,,, Blumenau - SC. ,,,https://www.cachacaepresente.com.br/produtos/cachaca-artesanal-xanadu-blend-linha-madeiras-balsamo-670-ml/,24/07/2021 17:47
62,60fc83b070b4b14381fe414b,Cachaça Artesanal Fazenda Soledade Pura 750 ml,"      R$57,90      ","Cachaça Artesanal Fazenda Soledade Pura 750 ml www.cachacaepresente.com.br Cachaça Fazenda Soledade Pura Cachaça descansada em tonéis de aço inoxidável. Duplamente destilada artesanalmente em alambiques de cobre, quando a fração “Coração” é selecionada através de processo conduzido lentamente para preservar aromas e sabores originais. Cachaça Fazenda Soledade PURA é bem suave, revelando um paladar leve e notas delicadas de cana de açúcar, maça e mel. Sua acidez equilibrada a faz muito especial tanto para ser apreciada em coquetéis, caipirinhas, como para ser degustada em shots Origem: Nova Friburgo / MG Envelhecimento: 6 meses Grad. Alcoólica: 40% Volume: 750 ml ",Volume: 750 ml,,, Nova Friburgo / MG ,,,https://www.cachacaepresente.com.br/produtos/cachaca-artesanal-fazenda-soledade-pura-750-ml/,24/07/2021 17:47
63,60fc83b070b4b14381fe414c,Cachaça Artesanal Casa Bucco Prata 750 ml,"      R$75,90      ","Cachaça Artesanal Casa Bucco Prata 750 ml www.cachacaepresente.com.br Cachaça de Alambique Casa Bucco, destilado da cana de açucar. Origem: Vale do Rio das Antas na Serra Gaúcha / RS Grad. Alcoólica: 40% Volume: 750 ml A cachaça casa Bucco é elaborada com cuidados especiais na destilação, possui paladar agradável e harmônico agradando aos mais exigentes apreciadores. Aprecie pura, resfriada ou com limão. Proporciona grande diferencial na preparação de coquetéis, não exala odores alcoólicos o que consolida a alta qualidade desta cachaça. ",Volume: 750 ml,,, Vale do Rio das Antas na Serra Gaúcha / RS ,,,https://www.cachacaepresente.com.br/produtos/cachaca-artesanal-casa-bucco-prata-750-ml/,24/07/2021 17:48
64,60fc83b070b4b14381fe414d,Cachaça Artesanal Envelhecida Carvalho Orgânica Casa Bucco 750 ml,"      R$119,00      ","Cachaça Artesanal Envelhecida Carvalho Orgânica Casa Bucco 750 ml www.cachacaepresente.com.br Cachaça de Alambique envelhecida Casa Bucco Origem: Vale do rio das antas Serra Gaúcha. Teor Alc: 40% Volume: 750 ml Revela-se com tons de amarelo dourado intenso obtidos pelo 6 anos de envelhecimento em barris de carvalho e bálsamo. Possui inconfundível paladar e complexo bouchet, resultado do longo período de envelhecimento em barril de carvalho. É um excelente digestivo e seu inconfundível sabor a tornaram um aperitivo altamente apreciado nos momentos de descontração e prazer. Utilizada na alta gastronomia, harmoniza bem com cervejas especiais. É característica do carvalho, notas de baunilha, amêndoas, chocolate e tabaco, dando-lhe uma tipicidade impar. Premiações: Ouro - 2011 Concours Mondial de Bruxelas PRATA - 2010 Concours Mondial de Bruxelas ",Volume: 750 ml,,, Vale do rio das antas Serra Gaúcha. ,,,https://www.cachacaepresente.com.br/produtos/cachaca-artesanal-envelhecida-carvalho-organica-casa-bucco-750-ml/,24/07/2021 17:48
65,60fc83b070b4b14381fe414e,Cachaça de Alambique Rio do Engenho Bálsamo Premium TOP 45 750 ml,"      R$99,90      ","Cachaça de Alambique Rio do Engenho Bálsamo Premium TOP 45 750 ml Cachaça TOP 45, com teor alcoólico mais elevado 45%, uma cachaça para quem gosta de um pouco mais de corpo e com personalidade, mesmo com esse teor alcoólico, é uma cachaça super macia e suave ao mais diversos paladares. No Alambique Rio do Engenho são produzidos anualmente apenas 30 mil litros de Cachaça destilados em alambiques de cobre. Todas as etapas do processo de produção são extremamente controladas. O plantio é feito com mudas de cana certificadas garantindo uma produtividade e rentabilidade maior do terreno. Sua colheita é feita apenas por pessoas especializadas sem utilização de máquinas e queimadas. Ela é moída no mesmo dia do corte. A fermentação é natural sem aditivos químicos e minuciosamente acompanhada. São cerca de 24 horas para transformar o açúcar da cana em álcool etílico. O processo de destilação é separado em 3 partes: Cabeça Coração e Cauda. Apenas o Coração que é a parte nobre do destilado é utilizado e armazenado. Origem: Ilhéus / BA Madeira: Bálsamo Grad. Alcoólica: 45% Volume: 750ml ",Volume: 750 ml,, Bálsamo , Ilhéus / BA ,,,https://www.cachacaepresente.com.br/produtos/cachaca-de-alambique-rio-do-engenho-balsamo-premium-top-45-750-ml/,24/07/2021 17:48
66,60fc83b070b4b14381fe414f,"Cachaça Vale Verde Hibisco, Mel e Limão Artesanal 500 ml","      R$39,90      ","Cachaça Vale Verde Hibisco, Mel e Limão Artesanal 500 ml www.cachacaepresente.com.br ORIGEM: Cachaça Composta Mineira produzida em Betim - Minas Gerais - Brasil Cachaça de alambique destilada do mosto fermentado de caldo da cana-de-açúcar Madeira: Envelhecida 03 anos em tonéis de carvalho Cachaça Artesanal feita com Cachaça de alambique com hibisco, Mel e um toque de limão. Volume: 500 ml Teor Alcoólico: 18% ",Volume: 500 ml,, Envelhecida 03 anos em tonéis de carvalho, Cachaça Composta Mineira produzida em Betim - Minas Gerais - Brasil ,,,https://www.cachacaepresente.com.br/produtos/cachaca-vale-verde-hibisco-mel-e-limao-artesanal-500-ml/,24/07/2021 17:48
67,60fc83b070b4b14381fe4150,Cachaça de alambique Doçura de Minas Prata 750 ml,"      R$43,99      ","Cachaça de alambique Doçura de Minas Prata 750 ml www.cachacaepresente.com.br Origem: Camanducaia/MG Armazenada em tonéis de Inox Envelhecimento: Blend de vários anos Grad. Alcoólica: 42% Volume: 750 ml. Edição Limitada criada pelo Engenho Quinta das Castanheiras. É um blend de cachaça armazenadas em tonéis inox com tempos diferentes de armazenamento, deixando essa cachaça com um sabor e aroma singular! Uma cachaça suave para tomar e também para fazer uma excelente caipirinha brasileira. ",Volume: 750 ml,,, Camanducaia/MG , Blend de vários anos,,https://www.cachacaepresente.com.br/produtos/cachaca-de-alambique-docura-de-minas-prata-750-ml/,24/07/2021 17:48
68,60fc83b170b4b14381fe4151,Cachaça Artesanal de Alambique Abrideira Minas 670 ml,"      R$43,99      ","Cachaça Artesanal de Alambique Abrideira Minas 670 ml www.cachacaepresente.com.br Cachaça tipica Mineira, Paineiras. Madeira: Jequitibá Envelhecimento: 1 ano Graduação Alcoólica: 40% Volume: 670ml Uma cachaça suave para tomar e também para fazer uma excelente caipirinha brasileira. ",Volume: 670 ml, 40% , Jequitibá Envelhecimento: 1 ano ,,,,https://www.cachacaepresente.com.br/produtos/cachaca-artesanal-de-alambique-abrideira-minas-670-ml/,24/07/2021 17:48
69,60fc83b170b4b14381fe4152,Cachaça Artesanal Velho Alambique Cabreúva 700 ML,"      R$69,90      ","Cachaça Artesanal Velho Alambique Cabreúva 700 ml - cachaça é presente Origem: Santa Tereza, RS Madeira: Cabreúva Envelhecimento: 1 ano Grad. Alcoólica: 40% Volume: 700ml O solo do vale do rio Taquari, identificado como um dos mais férteis do mundo, em Santa Tereza (RS), tem as condições ideias para o plantio de cana-De-Açúcar, matéria-Prima das cachaças Velho Alambique e A Locomotiva. Ideal para beber pura e na composição de drinques. A cachaça Velho Alambique é elaborada a partir de canaviais próprios que não possuem nenhum tipo de agrotóxico. São cultivadas de maneira orgânica, sendo assim a cachaça possui um sabor surpreendente. A Cachaça Ouro é fruto do envelhecimento em barris de Cabreúva. ",Volume: 700 ML,, Cabreúva Envelhecimento: 1 ano," Santa Tereza, RS",,,https://www.cachacaepresente.com.br/produtos/cachaca-artesanal-velho-alambique-cabreuva-700-ml/,24/07/2021 17:49
70,60fc83b170b4b14381fe4153,Cachaça Artesanal de Alambique Orgulho Mineiro Ouro 700 ml,"      R$74,90      ", Cachaça Artesanal de Alambique Orgulho Mineiro Ouro 700 ml www.cachacaepresente.com.br Orgulho Mineiro: Cachaça Orgulho Mineiro 700 ml Origem: Borda da Mata / Minas Gerais Madeira: Carvalho Envelhecimento: N/A Teor Alcoólico: 40% Volume: 700 ml Tipo: Ouro ,Volume: 700 ml,, Carvalho , Borda da Mata / Minas Gerais ,,,https://www.cachacaepresente.com.br/produtos/cachaca-artesanal-de-alambique-orgulho-mineiro-ouro-700-ml/,24/07/2021 17:49
71,60fc83b170b4b14381fe4154,Cachaça Artesanal Engenho são Luiz Premium Balsamo 750 ml,"      R$99,99      ","Cachaça Artesanal Engenho são Luiz Premium Balsamo 750 ml Cachaça é Presente, um presente diferente! Origem: Lençóis Paulista/SP Madeira: Bálsamo Envelhecimento: 18 meses Grad. Alcoólica: 40% Volume: 750ml. Essa cachaça é uma Premium São Luiz, envelhecida por 18 meses em barris de Bálsamo, uma cachaça com aroma marcante, sabor amadeirado, lembrando frutas secas. Revela sabores e aromas marcantes trazidos pelo armazenamento em barris de Bálsamo, madeira intensa e muito aromática. Na degustação, traz uma sensação duradoura de especiarias, com um toque de pimenta, típico do armazenamento em barris de Bálsamo... ",Volume: 750 ml,, Bálsamo Envelhecimento: 18 meses, Lençóis Paulista/SP,,,https://www.cachacaepresente.com.br/produtos/cachaca-artesanal-engenho-sao-luiz-premium-balsamo-750-ml/,24/07/2021 17:49
72,60fc83b170b4b14381fe4155,Cachaça Artesanal Soledade Envelhecida em Bálsamo 750 ml,"      R$179,90      ","Cachaça Artesanal Soledade Envelhecida em Bálsamo 750 ml​ www.cachacaepresente.com.br Cachaça soledade Bálsamo Revela sabores e aromas marcantes trazidos pelo armazenamento em barris de Bálsamo, madeira intensa e muito aromática. Na degustação, traz uma sensação duradoura de especiarias, com um toque de pimenta, típico do armazenamento em barris de Bálsamo... Origem: Friburgo Rio de Janeiro. Grad. Alc: 40% Volume: 750 ml Madeira: Envelhecida na madeira Bálsamo. ",Volume: 750 ml,, Envelhecida na madeira Bálsamo. , Friburgo Rio de Janeiro. Grad. Alc: 40% ,,,https://www.cachacaepresente.com.br/produtos/cachaca-artesanal-soledade-envelhecida-em-balsamo-750-ml/,24/07/2021 17:49
73,60fc83b170b4b14381fe4156,Cachaça Sagrada Ouro Amburana Artesanal 670ml,"      R$59,90      ","Cachaça Sagrada Ouro Amburana Artesanal 670 ml De beber rezando Quando dois mineiros, bons conhecedores e apreciadores de cachaça, exigentes no paladar e sonhadores, resolveram produzir a própria cachaça, queriam que fosse daquelas de beber rezando. E os dois mineiros sonhadores mantém a promessa de seguirem religiosamente a receita para a produção da melhor aguardente. Assim, nascia a Cachaça Sagrada, uma bebida para ser cultuada. De beber rezando Esta tradicional garrafa leva as bandeiras de Minas e do Brasil e tem referência de Cachaça de Minas, razão do batismo de Uai. É de coloração amarelada por ser armazenada em tóneis de madeira de Amburana. Tem o sabor mais leve e o delicioso aroma da Amburana, tradicional madeira utilizada para armazenar e envelhecer bebidas destiladas. Origem: Bom Jesus do Amparo / MG Madeira: Amburana Envelhecimento Grad. Alcoólica: 42% Volume: 670ml ",Volume: 670ml,, Amburana Envelhecimento, Bom Jesus do Amparo / MG,,,https://www.cachacaepresente.com.br/produtos/cachaca-sagrada-ouro-amburana-artesanal-670ml/,24/07/2021 17:49
74,60fc83b270b4b14381fe4157,Cachaça Trindade Artesanal Platinum Amendoim Porcelana 700 ml cachaça é Presente,"      R$99,99      ","Cachaça Trindade Artesanal Platinum Amendoim Porcelana 700 ml Cachaça Trindade Platinum Louça 700 ml Origem: Brasil Região: Alterosa / Minas Teor alcoólico: 40% A cachaça A Trindade é triplamente filtrada e feita somente com o ""coração"" do destilado. Ela é estocada exclusivamente em toneis de madeira amendoim, que são garimpados e reciclados, devido a esta madeira estar em extinção e com extração controlada por lei. A madeira amendoim é considerada a mais nobre das madeiras para o armazenamento da cachaça, pois tem a propriedade de preservar e acentuar as características naturais da bebida, como o perfume e sabor. Ela abaixa a acidez da cachaça e transfere uma leve coloração castanho-rosada ao produto final. Esta é a principal característica destes toneis: transmitir um sabor e odor muito suave à cachaça que possibilita apreciar o gosto da matéria prima. A Trindade fica armazenada por um período mínimo de 12 meses, sendo produzida com baixíssima acidez, o que faz seu sabor ser mais leve. Por isto, recomenda-se saborear o produto puro, à temperatura ambiente ou resfriada. ",Volume: 700 ml,,, Brasil ,,,https://www.cachacaepresente.com.br/produtos/cachaca-trindade-artesanal-platinum-amendoim-porcelana-700-ml-cachaca-e-presente/,24/07/2021 17:50
75,60fc83b270b4b14381fe4158,Cachaça com Gengibre Pérola 670 ML Artesanal,"      R$49,90      ","Cachaça Mista de Gengibre Premium Pérola Artesanal 670 ml cachaca é Presente A cachaça Gengibre Pérola é 100% artesanal, elaborado com raiz de gengibre selecionada. Origem: Piatã - Chapada da Diamantina - BA Volume: 670 ml Teor Alc: 17% Consumir bem gelado, ou na elaboração de vários drinks e sucos deliciosos. RECEITA: 200 ml de Tônica Schweppes, 1 dose 50 ml do Gengibre Pérola e 5 pedras de gelo. ",Volume: 670 ML,,, Piatã - Chapada da Diamantina - BA ,,,https://www.cachacaepresente.com.br/produtos/cachaca-com-gengibre-perola-670-ml-artesanal/,24/07/2021 17:50
76,60fc83b270b4b14381fe4159,Cachaça Mineira Artesanal Beata Prata 600 ml cachaça e presente,"      R$39,99      ",Cachaça Mineira Artesanal Beata Prata 600 ml www.cachacaepresente.com.br 1 - Cachaça Beata Prata 600 ml. Origem: Coronel Xavier Chaves/MG Madeira: Neutra Envelhecimento: 6 meses para descansar e suavizar Teor Alcoólico: 40% Volume: 600 ml ,Volume: 600 ml,, Neutra , Coronel Xavier Chaves/MG ,,,https://www.cachacaepresente.com.br/produtos/cachaca-mineira-artesanal-beata-prata-600-ml-cachaca-e-presente/,24/07/2021 17:50
77,60fc83b270b4b14381fe415a,Cachaça Beata Envelhecida em Carvalho 600 ML,"      R$45,90      ",Cachaça Beata Envelhecida em Carvalho 600 ML Cachaça Beata Ouro Artesanal 600 ml Ingredientes: mosto fermentado do caldo de cana-de-açúcar Origem: Coronel Xavier Chaves/MG Madeira: Envelhecida no Carvalho 1 ano. Grad. Alcoólica: 40% ,Volume: 600 ML,, Envelhecida no Carvalho 1 ano., Coronel Xavier Chaves/MG,,,https://www.cachacaepresente.com.br/produtos/cachaca-beata-envelhecida-em-carvalho-600-ml/,24/07/2021 17:50
78,60fc83b270b4b14381fe415b,Cachaça Alambique Engenho São Luiz Premium Carvalho Envelhecida 600 ml,"      R$79,90      ","Cachaça Alambique São Luiz Premium Carvalho 600 ml Origem: Lençóis Paulista / SP Madeira: Carvalho Envelhecimento: 1 ano e meio (18 meses) Graduação Alcoólica: 42% Volume: 600ml Cachaça dourada, 100% artesanal envelhecida por 18 meses em barris de carvalho. Uma bebida que esbanja elegância, leveza e suavidade, criando experiências incríveis em qualquer ocasião: de uma degustação relaxante em um final de tarde a deliciosos shots e drinks em uma grande festa com os amigos. Algumas de suas premiações: 2015 - 4o Lugar no Ranking Revista Sexy de cachaças edição de Maio 2014 - 2 o Lugar no Superior Taste Award - Bruxelas/Bélgica / Conferido pelo ITQI 2014 - 4 o Lugar no I Concurso de Cachaça de Leme/SP 2014 - 5 o Lugar no VII Festival de Cachaças de Ourinhos - Ourinhos/SP - Categoria Cachaças Envelhecidas 2012. É proibida a venda e consumo de bebidas alcoólicas para menores de 18 anos. Beba com moderação. Se beber não dirija. ",Volume: 600 ml, 42%, Carvalho Envelhecimento: 1 ano e meio (18 meses), Lençóis Paulista / SP,,,https://www.cachacaepresente.com.br/produtos/cachaca-alambique-engenho-sao-luiz-premium-carvalho-envelhecida-600-ml/,24/07/2021 17:50
79,60fc83b270b4b14381fe415c,Cachaça Mista com Jambu Meu Garoto - 275 ml - cachacaepresente.com.br,"      R$52,90      ","Cachaça Mista com Jambu Meu Garoto - 275 ml Com sabor inconfundível e marcante, a cachaça proporciona novas sensações e uma experiência eufórica ao paladar. Basta um gole dessa cachaça para que a sensação de dormência tome conta dos lábios, língua e céu da boca. Jambu, também conhecida como agrião do pará, é uma erva típica da região norte do Brasil, mais precisamente do Pará, Amazonas, Acre e Rondônia. A Cachaça de Jambu é produzida por L M Porto em Belém no Pará. Origem: Ananindeua / PA Grad. Alcoólica: 38% Volume: 275 ML Jambu da Amazônia https://www.youtube.com/watch?v=WrehQ4oZsdI ",Volume: 275 ml,,, Ananindeua / PA ,,,https://www.cachacaepresente.com.br/produtos/cachaca-mista-com-jambu-meu-garoto-275-ml-cachacaepresente-com-br/,24/07/2021 17:50
80,60fc83b270b4b14381fe415d,Cachaça Rainha Paraibana 600 ML,"      R$43,00      ",Cachaça Rainha Paraibana 600 ML Cachaça de alambique destilada do mosto fermentado de caldo da cana-de-açúcar Não contém glúten. Validade Indeterminada Origem: Bananeiras Madeira: Freijó Grad. Alcoólica: 50% Volume: 600 ML ,Volume: 600 ML,, Freijó, Bananeiras,,,https://www.cachacaepresente.com.br/produtos/cachaca-rainha-paraibana-600-ml/,24/07/2021 17:51
81,60fc83b370b4b14381fe415e,Cachaça de Alambique Dom Cabral Prata 700 ML,"      R$79,90      ","Cachaça de Alambique Dom Cabral Prata 700 ML Produzida em Itabirito – MG, uma legítima cachaça mineira, uma das únicas pratas envelhecidas que existe no mercado, o que lhe confere baixa acidez e sabor mais suave e macio, é uma cachaça descansada em barris de aço inox. Maravilhosa para caipirinha, pura, gelada ou com gelo. As cachaças Dom CabraL são feitas na medida para cada ocasião, esta é para beber com a galera ou para deixar em casa e ir tomando devagarinho e cada dia um pouquinho. ESPECIFICAÇÕES TÉCNICAS: Envelhecimento: Mínimo 1 ano em tonéis de aço inox Graduação alcoólica: 40% Vol. Grupo: Cachaça Tipo: Prata Volume: 700 ml Marca: Dom Cabral ",Volume: 700 ML, 40% Vol.,,,,,https://www.cachacaepresente.com.br/produtos/cachaca-de-alambique-dom-cabral-prata-700-ml/,24/07/2021 17:51
82,60fc83b370b4b14381fe415f,CACHAÇA PURO DESEJO ENVELHECIDA 700 ML,"      R$49,90      ","CACHAÇA PURO DESEJO ENVELHECIDA ORIGEM: Cachaça produzida no interior do Estado de São Paulo - Brasil Cachaça Puro Desejo Envelhecida. Cachaça destilada em Alambique de cobre e envelhecida por doze meses em tonéis de carvalho, ganhando cor, aroma e sabor. Graduação Alcoólica 38%. Contém 700ml - Garrafa Brasil Cachaça Nacional. Cachaça de alambique descansada durante 6 meses em tanque de inox, destilada do mosto fermentado de caldo da cana-de-açúcar Código: 736532532282 ",Volume: 700 ML,,, Cachaça produzida no interior do Estado de São Paulo - Brasil ,,,https://www.cachacaepresente.com.br/produtos/cachaca-puro-desejo-envelhecida-700-ml/,24/07/2021 17:51
83,60fc83b470b4b14381fe4160,BEBIDA MISTA - CACHAÇA COM MEL 700 ML,"      R$49,90      ","CACHAÇA PURO DESEJO MEL 700 ML ORIGEM: Cachaça Paulista produzida no Interior de São Paulo - Brasil Produzida pela Cachaçaria Puro Desejo Conteúdo: 700ml Graduação Alcoólica: 22% Medidas: Altura: 28cm - Diâmetro: 7,2 cm Bebida Alcoólica Mista ",Volume: 700 ML, 22%,, Cachaça Paulista produzida no Interior de São Paulo - Brasil ,,,https://www.cachacaepresente.com.br/produtos/bebida-mista-cachaca-com-mel-700-ml/,24/07/2021 17:51
84,60fc83b470b4b14381fe4161,Cachaça Germana Palha 1000 ML,"      R$109,90      ","Cachaça Germana Palha 1000 ML Origem: Nova União – MG Madeira: Carvalho Francês e Bálsamo Envelhecimento: 2 anos Grad. Alcoólica: 40% Vol  Volume: 1000ml A Germana Tradicional descansa por dois anos em tonéis de carvalho francês (um ano) e em dornas de bálsamo (um ano) o que proporciona um agradável aroma, além de ser uma bebida suave porém de sabor marcante indicada para todos os paladares. A Germana Palha é ideal para apreciadores que amam um sabor seco e distinto o qual é criado por esses dois tipos especiais de madeira. Deixando ela uma bebida suave, porém marcante. Um prazer muito especial de altíssimo nível. PREMIAÇÕES: 2018 - Medalha de Ouro no Concurso Mundial de Bruxelas, Edição Brasil 2016 26° Lugar no II Ranking da Cúpula da Cachaça 2014 26° Lugar no I Ranking da Cúpula da Cachaça 2011 - 4° Lugar no Ranking da Revista Playboy ",Volume: 1000 ML,, Carvalho Francês e Bálsamo, Nova União – MG , 2 anos,,https://www.cachacaepresente.com.br/produtos/cachaca-germana-palha-1000-ml/,24/07/2021 17:51
85,60fc83b470b4b14381fe4162,Cachaça Artesanal Gogó da Ema Tradicional Envelhecida em Bálsamo 750 ml,"      R$79,90      ","Cachaça Artesanal Gogó da Ema Tradicional Envelhecida em Bálsamo 750 ml www.cachacaepresente.com.br Cachaça de Alambique Destilado da Cana de Açucar: Origem: São Sebastião/AL Madeira: Bálsamo Envelhecimento: 2 anos Grad. Alcoólica: 40% Volume: 750 ml A madeira de Bálsamo representa um dos melhores sabores da cachaça típica brasileira, seu equilíbrio sensorial proporciona uma cachaça macia e encorpada para ser degustada com criatividade. PREMIAÇÕES 2017 - Medalha de Ouro no Concurso Mundial de Bruxelas Etapa Brasil 2016 - Duplo Ouro no New York World Wine &amp; Spirits Competition 2016 - Medalha de Ouro no CWSA China Wine &amp; Spirits Awards 2016 - Medalha de Bronze no International Spirits Challenge em Londres 2015 - Medalha de Prata no San Francisco World Spirits Competition 2015 - Eleita pela Revista Vip entre as 15 melhores cachaças do Brasil (Agosto de 2015) 2013 - Medalha de Ouro no Concurso Mundial de Bruxelas 2013 - Medalha de Bronze no Concurso da Expo Cachaça São Paulo ",Volume: 750 ml,, Bálsamo Envelhecimento: 2 anos , São Sebastião/AL , 2 anos,,https://www.cachacaepresente.com.br/produtos/cachaca-artesanal-gogo-da-ema-tradicional-envelhecida-em-balsamo-750-ml/,24/07/2021 17:51
86,60fc83b470b4b14381fe4163,Cachaça Artesanal de Alambique Chico Mineiro Ouro 700 ml Cachaça é Presente,"      R$58,90      ","Cachaça Chico Mineiro Ouro 700 ml www.cachaçaepresente.com.br ORIGEM: Cachaça Mineira produzida em Paineiras - Minas Gerais - Brasil Produzida pela Fazenda Palmitos Cachaça de alambique destilada do mosto fermentado de caldo da cana-de-açúcar Não contém glúten. Validade Indeterminada. Madeira: Envelhecida em tonéis de carvalho por 30 meses. Tipo: Ouro Conteúdo: 700ml Embalagem: Sem caixa Graduação Alcoólica: 40% Medidas: 28,5 cm - Diâmetro: 7,5 cm MAPA: MG-06500 00001-3 Produzida desde 1922 por João Xavier Borges, fazendeiro e boiadeiro era conhecida como Cachaça Xavier. Em 1991 seus netos e sobrinhos construiram um novo alambique e rebatizaram a Cachaça como Chico Mineiro, em homenagem ao lendário e folclórico peão de boiadeiro e ao fundador e pioneiro João Xavier Borges. ",Volume: 700 ml, 40%, Envelhecida em tonéis de carvalho por 30 meses., Cachaça Mineira produzida em Paineiras - Minas Gerais - Brasil ,,,https://www.cachacaepresente.com.br/produtos/cachaca-artesanal-de-alambique-chico-mineiro-ouro-700-ml-cachaca-e-presente/,24/07/2021 17:52
87,60fc83b470b4b14381fe4164,CACHAÇA VALE VERDE OURO CARVALHO EXTRA PREMIUM 3 ANOS 160 ML - 00973,"      R$29,90      ","CACHAÇA VALE VERDE OURO CARVALHO EXTRA PREMIUM 3 ANOS 160 ML - 00973 ORIGEM: Cachaça Mineira produzida em Betim - Minas Gerais - Brasil Produzida pela Cachaçaria Germana Cachaça de alambique destilada do mosto fermentado de caldo da cana-de-açúcar Não contém glúten. Validade Indeterminada. Madeira: Envelhecida 03 anos em tonéis de carvalho. Tipo: Extra Premium Conteúdo: 160ml - Garrafa de bolso Embalagem: Sem caixa de papelão Graduação Alcoólica: 40% Medidas: Altura: 13,5 cm - Comprimento: 8,5 cm e Largura: 3,5 cm MAPA: 05568 00001-5 A Cachaça Vale Verde Extra Premium tem 100% do conteúdo envelhecido em tonéis de carvalho durante três anos e atende as mais rigorosas normas e padrões de qualidade internacional. Os três anos em tonéis de carvalho explicam a cor dourada e o buquê marcante de madeira. Selo de qualidade: AMPAQ - Associação Mineira de Produtores de Cachaça de Qualidade PRÊMIOS: 2011 - 2.o Lugar no Ranking das Melhores Cachaças do Brasil da Revista PLAYBOY 2009 - 2.o Lugar no Ranking das Melhores Cachaças do Brasil da Revista PLAYBOY 2007 - 1.o Lugar no Ranking das Melhores Cachaças do Brasil da Revista PLAYBOY OPINIÃO: - BLOG Papo de Bar : ""Com uma graduação de 40% de álcool, é bem encorpada e deixa aquela bela cortina no copo. Ao contrário do que parece, com o envelhecimento ela não fica doce demais e o seu sabor é muito peculiar. O álcool e o aroma são bem suaves e percebe-se o cuidado na produção desde o primeiro gole."" ",Volume: 160 ML, 40%, Envelhecida 03 anos em tonéis de carvalho., Cachaça Mineira produzida em Betim - Minas Gerais - Brasil ,3 anos,"2011 - 2.o Lugar no Ranking das Melhores Cachaças do Brasil da Revista PLAYBOY
2009 - 2.o Lugar no Ranking das Melhores Cachaças do Brasil da Revista PLAYBOY
2007 - 1.o Lugar no Ranking das Melhores Cachaças do Brasil da Revista PLAYBOY",https://www.cachacaepresente.com.br/produtos/cachaca-vale-verde-ouro-carvalho-extra-premium-3-anos-160-ml-00973/,24/07/2021 17:52
88,60fc83b470b4b14381fe4165,CACHAÇA ASA BRANCA OURO AMBURANA/UMBURANA 670ML - 01125,"      R$49,00      ",CACHAÇA ASA BRANCA OURO AMBURANA/UMBURANA 670ML - 01125 ORIGEM: Cachaça Mineira produzida em Salinas - Minas Gerais -Brasil Produzida pela Cachaça Asa Branca Cachaça de alambique destilada do mosto fermentado de caldo da cana-de-açúcar Não contém glúten. Validade Indeterminada. Madeira: Envelhecida 03 anos em tonéis de umburana ou amburana Conteúdo: 670ml - Garrafa Minas Graduação Alcoólica: 42% Medidas: Altura: 29 cm - Diâmetro: 7 cm MAPA: MG ,Volume: 670ML, 42%, Envelhecida 03 anos em tonéis de umburana ou amburana, Cachaça Mineira produzida em Salinas - Minas Gerais -Brasil ,,,https://www.cachacaepresente.com.br/produtos/cachaca-asa-branca-ouro-amburana-umburana-670ml-01125/,24/07/2021 17:52
89,60fc83b470b4b14381fe4166,Cachaça Velho Alambique Blend Carvalho Grápia e Angico 700 ML,"      R$78,50      ","Cachaça Velho Alambique Blend Carvalho Grápia e Angico 700 ML ORIGEM: Cachaça Gaúcha produzida em Santa Tereza - Rio Grande do Sul - Brasil Produzida pela Cachaçaria Velho Alambique Cachaça de alambique destilada do mosto fermentado de caldo da cana-de-açúcar Não contém glúten. Validade Indeterminada. Madeira: Envelhecida em carvalho e armazenada em grápia e angico por 3 anos - Orgânica Conteúdo: 670ml - Garrafa com relevo Embalagem: caixa papelão Graduação Alcoólica: 39% Medidas: Altura: 28cm - Diâmetro: 7,2 cm MAPA: RS A cachaça Velho Alambique é elaborada a partir de canaviais próprios que não possuem nenhum tipo de agrotóxico. São cultivadas de maneira orgânica, sendo assim a cachaça possui um sabor surpreendente. A Cachaça Ouro é fruto do envelhecimento da bebida em barris de Carvalho, Grápia e Angico. PRÊMIOS das Cachaças Velho Alambique: Silver Medal Concours Mondial de Bruxelles – 2013 Bronze Medal Expo Cachaça – Categoria Madeira Umburana – 2013 Bronze Medal Expointer – Categoria Agroindústria Familiar – 2013 Silver Medal Expo Cachaça – Categoria Madeira Umburana – 2013 Silver Medal Expo Cachaça – Categoria Madeira Umburana – 2012 Top 10 Envelhecidas – Ranking Folha de São Paulo – 2011 ",Volume: 700 ML, 39%, Envelhecida em carvalho e armazenada em grápia e angico por 3 anos - Orgânica, Cachaça Gaúcha produzida em Santa Tereza - Rio Grande do Sul - Brasil ,,,https://www.cachacaepresente.com.br/produtos/cachaca-velho-alambique-blend-carvalho-grapia-e-angico-700-ml/,24/07/2021 17:52
