,_id,NOME_DA_CACHAÇA,PREÇO,DESCRIÇÃO_DA_CACHAÇA,VOLUME,GRADUAÇÃO_ALCOÓLICA,RECIPIENTE_DE_ARMAZENAMENTO,LOCAL_DE_PRODUÇÃO,TEMPO_DE_ARMAZENAMENTO,LINK,DATA_COLETA
0,60faf0146b65d1ecae4649c5,Cachaça Estância Moretti Carvalho 4 anos 750ml," R$ 399,99 "," Luiz herdou a paixão pela bebida da família Moretti, que veio da Itália e tinha a tradição de trabalhar com bebidas. Mas o amor pelo destilado tipicamente brasileiro veio do pai e do avô, que eram grandes apreciadores da Cachaça, inclusive prezavam sempre por beber uma boa dose juntos. Coincidência ou não desde sempre a Cachaça fez parte de sua vida, sendo através do seu trabalho ou simplesmente degustando e colecionando bons rótulos. “Eu sempre fui muito encantado por Cachaça por ser um produto brasileiro e com uma riqueza de história. Cachaça é sempre bem-vinda numa roda de amigos e pode harmonizar com um bom churrasco.”, afirma Moretti. Mas com o passar dos anos Luiz começou a sentir uma vontade de produzir a sua própria Cachaça, algo que atendesse as características sensoriais que ele procurava. Queria fazer a sua própria Cachaça Artesanal, uma vez que ele era encantado pelo processo de fabricação e pela qualidade fantástica do produto final. Ainda bem que ele tirou o plano do coração, e em 2001 lançou a Cachaça Estância Moretti, que carrega o nome de sua família. “Encantadora e mágica a Cachaça sempre me traz boas e ótimas lembranças.” Atualmente a Cachaça é produzida na Cachaçaria Companheira na cidade de Jandaia do Sul, no Paraná. Por lá o corte e a colheita da cana-de-açúcar utilizada para a fabricação do destilado é feito de forma manual e no inverno, pois é quando a cana está madura. A destilação é feita em alambique de cobre e todo o processo de envelhecimento são feitos em barris de carvalho americano ou francês. Luiz teve o zelo de produzir uma Cachaça com características sensoriais únicas. Uma cachaça onde as lágrimas escorrem no tempo correto e cada gole proporciona ao apreciador uma lembrança marcante e suave ao seu paladar. A Cachaça Estância Moretti não é apenas uma bebida, é uma obra de arte, onde todos os detalhes foram cuidadosamente pensados, desde a produção até a escolha do rótulo, da garrafa e das rolhas, que foram escolhidas para que a Cachaça não evapore e para que a qualidade seja conservada. Te convidamos a degustar esses rótulos e se surpreender com os sabores e aromas! ",Volume: 750ml,,,,4 anos,https://www.araraunacachacaria.com.br/cachaca-estancia-moretti-carvalho-4-anos-750ml,12/07/2021 23:31
1,60faf0146b65d1ecae4649c6,Cachaça Da Várzea 600ml," R$ 39,90 "," A Cachaça Da Várzea é produzida na cidade de Varzelândia/MG. Localizada entre as regiões de Salinas/MG e Januária/MG o terroir dessa região se destaca nas melhores cachaças do Brasil. A Cachaça Da Várzea é envelhecida em toníes de umburana, bálsamo e jequitibá, com teor alcoólico de 42º, com sabor e aromas bastante apreciados pelo Brasil e Exterior. Tem como diferencial o método de produção elaborado com fermentação caipira e utiliza cana-de-açúcar crua produzida na própria fazenda, no Norte de Minas. A Cachaça da Várzea obedece a rigorosos critérios de produção. A água utilizada na produção da Cachaça da Várzea vem do Riacho São Felipe, afluente do Rio São Francisco e sub-afluente da Bacia do Verde Grande, contribuindo para o solo de várzea, bastante propício para o cultivo da cana-de-açúcar. ",Volume: 600ml,,,,,https://www.araraunacachacaria.com.br/cachaca-da-varzea-600ml,12/07/2021 23:31
2,60faf0146b65d1ecae4649c7,Cachaça Orizona Gold Black 750ml," R$ 59,99 "," Orizona Gold Black é destilada em alambiques de cobre, descansada em dornas de inox e envelhecida em barris de carvalho por 6 anos! Um destilado excepcional, de aroma suave e amadeirado, sabor marcante e aveludado com notas de baunilha... apreciem em seus melhores momentos! GOLD BLACK é envasada e garrafa sofisticada e é para aqueles que gostam de um sabor requintado! Aprecie com responsabilidade! Apresentação 750ml ​Origem: Orizona/GO 41% gradação alcoólica ",Volume: 750ml,,,,,https://www.araraunacachacaria.com.br/cachaca-orizona-gold-black-750ml-,12/07/2021 23:31
3,60faf0146b65d1ecae4649c8,Cachaça Salinas Umburana 700ml," R$ 42,99 "," A Cachaça Salinas Tradicional é envelhecida 3 anos em tonéis de Bálsamo, possui coloração clara e sabor suave e amadeirado. Graduação alcoólica: 42% vol. Armazenamento: Bálsamo – 3 anos. Cor: Branco-amarelada, brilhante e límpida. Aroma: Frutado com sutis traços de madeira. Sabor: Leve e macia, com acidez equilibrada. Harmonização: Acompanha petiscos, caldos e pratos à base de frutos do mar. ",Volume: 700ml,,,,,https://www.araraunacachacaria.com.br/cachaca-salinas-umburana-700ml,12/07/2021 23:31
4,60faf0156b65d1ecae4649c9,Cachaça Orizona Ouro 750ml," R$ 69,99 "," Orizona Ouro é uma cachaça pura e de qualidade, envelhecida por 3 anos em barris de carvalho francês. Possui baixa acidez, um sabor adocicado com notas de baunilha e frutas cítricas, além de um aroma suave com um toque amadeirado. Um verdadeiro espetáculo de destilado, aprecie em seus melhores momentos e com responsabilidade!!! Apresentação 750ml 43% gradação alcoólica ​Origem: Orizona/GO ",Volume: 750ml,,,,,https://www.araraunacachacaria.com.br/cachaca-orizona-ouro-750ml,12/07/2021 23:31
5,60faf0156b65d1ecae4649ca,Cachaça Artesanal Fininha Prata 700ml," R$ 49,90 "," A Cachaça Fininha é produzida na Fazenda Capão da Palha em um lindo vale na Chapada dos Veadeiros, nordeste de Goiás. Ela serve de base para as cachaças artesanais Capão da Palha. Possui aroma sensacional, que remete ao caldo de cana puro. Limpidez incrível, sinal de boa filtragem. e um sabor inconfundível. Ideal para doses e drinks. ",Volume: 700ml,,,,,https://www.araraunacachacaria.com.br/cachaca-artesanal-fininha-prata-700ml-2020-12-01-19-42-06,12/07/2021 23:31
6,60faf0156b65d1ecae4649cb,Cachaça Vanderley Azevedo Extra Premium 12 anos 700ml," R$ 309,00 "," Cachaça Artesanal produzida em Ituiutaba-MG pontal do triangulo mineiro destilada por Vanderley Azevedo e Cássio Azevedo. Cachaça Premiada com duas medalhas de prata nos dois maiores concursos de destilado do mundo. Em 2019 ela foi condecorada com a medalha de prata no Spirits Selection e em 2020 recebeu medalha de prata no San Francisco Spirits World Competition. A cachaça Extra Premium Vanderley Azevedo é um single barrel de um barril de carvalho francês, feita com fermento caipira e destilada em alambiques de cobre. Os 12 anos de envelhecimento trouxeram muitas complexidades que você pode conferir na seção análise sensorial feita pelos juízes do Spirits Selection. Análise Sensorial Extra APARÊNCIA: Cor dourada com reflexos verdes. AROMA: Intensidade média no nariz, aromas florais e frutados muito agradáveis, com notas de anis, folhas secas e ervas, pimenta e frutas vermelhas. SABOR: Grande equilíbrio no palato, com persistência elegante da madeira. Notas de frutas vermelhas, caramelo e doce de leite. Notas de ervas medicinais. IMPRESSÃO GERAL: Produto bem feito, com personalidade Elegante e charmosa, sua estrutura e perfil são fortemente marcados por um envelhecimento bem controlado. Um pouco incomum para uma cachaça, uma ótima bebida! Madeira: Carvalho Francês Envelhecimento: 12 anos Graduação Alcoólica: 40% Volume: 750ml Safra: 2007 ",Volume: 700ml,,,,12 anos,https://www.araraunacachacaria.com.br/cachaca-vanderley-azevedo-extra-premium-700ml,12/07/2021 23:32
7,60faf0156b65d1ecae4649cc,Cachaça Cabaré Ouro 700ml," R$ 45,90 "," A Cachaça Cabé Ouro é envelhecida por 6 meses em tonéis de carvalho europeu, possui um sabor suave e macio. OrigemMirassol/SP Volume700ml Teor Alcoólico38.0% MadeiraCarvalho ",700ml,38.0%,Carvalho,Mirassol/SP,,https://www.araraunacachacaria.com.br/cachaca-cabare-ouro-700ml,12/07/2021 23:32
8,60faf0156b65d1ecae4649cd,Cachaça Dom Bré Clássica Jequitibá 700ml," R$ 149,00 "," A marca DOM BRÉ com o seu brasão, remete aos símbolos das famílias tradicionais mineiras, que inspiram princípios éticos e responsáveis por gerações. A Cachaça Dom Bré Clássica Jequitibá traz o aveludado amendoado da superior cachaça de qualidade descansada em tonéis de jequitiba-rosa, que empresta ao produto uma delicadeza que a deixa ótima para ser degustada pura acompanhando todos os pratos da cozinha nacional. Origem: Guarani / MG Madeira: Jequitibá Envelhecimento: 3 anos Grad. Alcoólica: 40% Volume: 750ml ",Volume: 750ml,40%,Jequitibá,Guarani / MG,3 anos,https://www.araraunacachacaria.com.br/cachaca-dom-bre-classica-jequitiba-700ml,12/07/2021 23:32
9,60faf0156b65d1ecae4649ce,Cachaça Vanderley Azevedo Premium Gold Carvalho 2 Anos 700ml," R$ 309,00 "," Essa cachaça é envelhecida por dois anos em Carvalho Francês. Lhe conferindo aromas e sabores especiais A história da cachaça Vanderley Azevedo teve início em 1940, quando meu avô Sergio José de Araujo, em busca de diamantes no Rio Tejuco, firmou residência na cidade de Ituiutaba. Aqui, montou um armazém para atender às demandas do garimpo e dos moradores da cidade. Vanderley Azevedo “Em 1968, fui trabalhar com meu avô no armazém e observava que o caixeiro-viajante deixava alguns tonéis com cachaça e, após 15 dias passava, para pegá-los. Nesse processo, tornei-me o responsável por envasar a cachaça. Em 1984, meu irmão e eu compramos uma fazenda para realizarmos, nós mesmos, nossa própria produção de cachaça. Desde então, destilamos o melaço da cana de açúcar de forma artesanál.” Todo esse processo é feito com a mesma dedicação desde 1984. Em cada gota da Vanderley Azevedo está depositado todo o afeto típico do povo do interior mineiro. Essa cachaça foi medalha de ouro no concurso mundial de Bruxelas em 2019. ",Volume: 700ml,,,,2 Anos,https://www.araraunacachacaria.com.br/cachaca-vanderley-azevedo-premium-gold-700ml,12/07/2021 23:32
10,60faf0156b65d1ecae4649cf,Cachaça Velho Ferreira Ouro 700ml," R$ 45,90 "," A Cachaça Velho Ferreira Ouro fica armazenada por 1 ano e meio no jequitibá rosa e mais 2 anos no barril de Carvalho. O Carvalho europeu dá essa coloração dourada e o sabor amadeirado na cachaça. Na primeira metade século XX, do simpático vilarejo de Vitoriano Veloso (Bichinho), partia o tropeiro Antônio Ferreira Neto, que por estradas poeirentas e no lombo de burros comprava uma das melhores cachaças da região. O produto era levado para o armazém de seu pai, Vicente Ferreira Rodrigues, conhecido comercialmente em São João Del-Rei. Tanto o pai como o filho acalentavam o desejo de produzir um dia a própria cachaça. O sonho de ambos foi concretizado pela terceira geração da família. Em 1997 nascia a Velho Ferreira, que reúne a experiência de décadas na arte de selecionar e oferecer a mais pura e autêntica cachaça mineira. O nome é uma homenagem de Cláudio Ferreira da Silva a seu pai, Antônio Ferreira Neto o (Velho Ferreira), cuja foto estampa o rótulo desta singular bebida. Sempre em alambiques de cobre, foi produzida até 2015 no Bichinho. Hoje é produzida na fazenda Cantagalo (Prados - MG), mas mantém seu vínculo com Bichinho, onde é armazenada, envelhecida e comercializada. A Velho Ferreira oferece a seus apreciadores o sabor das histórias, a excelência das matérias-primas, o saber de pai para filho e a tradição das melhores cachaças de Minas Gerais. ",Volume: 700ml,,,,,https://www.araraunacachacaria.com.br/cachaca-velho-ferreira-ouro-700ml,12/07/2021 23:32
11,60faf0156b65d1ecae4649d0,Cachaça Espírito de Minas 700ml,"            R$ 89,99   "," A cachaça Espírito de Minas é uma bebida com corpo suave, aroma de banana e toque de milho. O paladar é agradável, levemente picante no final. Fabricada na cidade de São Tiago, em Minas Gerais, o produto é feito a partir da cana colhida apenas quando atinge o maior estágio de concentração de açúcar. Ficha Técnica País de Origem: Brasil Região: Minas Gerais Volume: 700ml Envelhecimento: 2 anos em barris de carvalho europeu. Tipo: Destilado de Cana-de-Açúcar Teor Alcoólico: 42,00%* Destilaria: Fazenda Santa Luzia ",Volume: 700ml,,,,,https://www.araraunacachacaria.com.br/cachaca-espirito-de-minas-700ml,12/07/2021 23:32
12,60faf0156b65d1ecae4649d1,Cachaça Saliníssima Ouro 670ml," R$ 59,90 "," Saliníssima valoriza a cultura cachaceira e é uma das tradicionais e autênticas cachaças da região de Salinas. A cachaça é uma alternativa aos paladares que buscam simplicidade, rusticidade e tradição em equilíbrio com a vida moderna e com as melhores coisas da vida. Reúne características de uma genuína cachaça artesanal de alto padrão. O processo de envelhecimento, em barris de bálsamo, confere à bebida um sabor amadeirado e macio. A cor amarelada e o corpo vigoroso, refletem o cuidado em cultivar as práticas originais de produção das cachaças artesanais mineiras. Saliníssima é produzida na Fazenda Matrona, na região de Salinas, Minas Gerais, que desde 1955, pelas mãos de Olímpio Mendes, dedica-se ao plantio de cana de açúcar, que era usada para a produção de cachaças e rapaduras. As cachaças eram engarrafadas à mão e vendidas em sua própria casa, para funcionários da fazenda, vizinhos e amigos. Já as rapaduras, eram comercializadas na cidade aos sábados, após percorrerem um longo trajeto em carro de boi. ",Volume: 670ml,,,,,https://www.araraunacachacaria.com.br/salinissima,12/07/2021 23:32
13,60faf0166b65d1ecae4649d2,Cachaça Orizona Tradicional 750ml," R$ 45,00 "," Orizona Tradicional é destilada em alambiques de cobre, descansada em dornas de inox, possui um aroma inconfundível, mantendo o sabor suave, adocicado e aromático encorpado da cana. Sabor alcoólico suave e macia. Aprecie em momentos especiais e com responsabilidade! Apresentação 750ml, 43% gradação alcoólica Origem: Orizona/GO ",Volume: 750ml,,,,,https://www.araraunacachacaria.com.br/cachaca-orizona-tradicional-750ml,12/07/2021 23:32
14,60faf0166b65d1ecae4649d3,Cachaça Artesanal Capão da Palha Extra Premium 3 Anos 750ml," R$ 169,90 "," Cachaça Artesanal Capão da Palha Extra Premium Envelhecida 3 Anos em Madeira Brasileira Canela Amarela – 750ml Produzida na Fazenda Capão da Palha em um lindo vale na Chapada dos Veadeiros, nordeste de Goiás. Diferente da imensa maioria, o envelhecimento na Madeira Brasileira Canela Amarela dá um sabor único, bem diferente dos toneis comuns de carvalho americano ou europeu. OURO EXPOCACHAÇA 2019 A Capão da Palha envelhecida por 3 Anos em Canela Amarela ganhou Ouro na categoria Madeiras Brasileiras na Expocachaça 2019, a maior vitrine mundial do segmento. ",Volume: 750ml,,,,3 Anos,https://www.araraunacachacaria.com.br/cachaca-artesanal-capao-da-palha-extra-premium-3-anos-750ml,12/07/2021 23:32
15,60faf0166b65d1ecae4649d4,Cachaça Velho Ferreira Prata 700ml,"            R$ 46,00   "," A Cachaça Velho Ferreira Prata fica armazenada por 1 ano e meio no jequitibá rosa. O jequitibá Rosa não dá gosto, cheiro e cor na cachaça. Ela apenas descansa na madeira para deixa-la mais macia e suave. Na primeira metade século XX, do simpático vilarejo de Vitoriano Veloso (Bichinho), partia o tropeiro Antônio Ferreira Neto, que por estradas poeirentas e no lombo de burros comprava uma das melhores cachaças da região. O produto era levado para o armazém de seu pai, Vicente Ferreira Rodrigues, conhecido comercialmente em São João Del-Rei. Tanto o pai como o filho acalentavam o desejo de produzir um dia a própria cachaça. O sonho de ambos foi concretizado pela terceira geração da família. Em 1997 nascia a Velho Ferreira, que reúne a experiência de décadas na arte de selecionar e oferecer a mais pura e autêntica cachaça mineira. O nome é uma homenagem de Cláudio Ferreira da Silva a seu pai, Antônio Ferreira Neto o (Velho Ferreira), cuja foto estampa o rótulo desta singular bebida. Sempre em alambiques de cobre, foi produzida até 2015 no Bichinho. Hoje é produzida na fazenda Cantagalo (Prados - MG), mas mantém seu vínculo com Bichinho, onde é armazenada, envelhecida e comercializada. A Velho Ferreira oferece a seus apreciadores o sabor das histórias, a excelência das matérias-primas, o saber de pai para filho e a tradição das melhores cachaças de Minas Gerais. ",Volume: 700ml,,,,,https://www.araraunacachacaria.com.br/cachaca-velho-ferreira-prata-700ml,12/07/2021 23:33
16,60faf0166b65d1ecae4649d5,Cachaça Seleta 600ml," R$ 39,90 "," A cachaça Seleta é produzida pela famosa destilaria de mesmo nome, a maior produtora de cachaça artesanal do Brasil, localizada na capital mundial da cachaça, Salinas, hoje detentora de um Selo de Indicação Geográfica, concedida pelo INPI em 2012. Diz-se que a localização geográfica da região de Salinas favorece o desenvolvimento de uma variedade de leveduras selvagens ideal, responsável pelo sabor especial das cachaças produzidas ali. A cachaça artesanal mais vendida do país, a Seleta é produzida com cana-de-açucar cuidadosamente selecionada e de forma artesanal, em alambiques de cobre. Envelhecida em tonéis de Amburana por 2 anos, adquire coloração amarelo palha e uma suavidade típica dessa madeira, além de traços adocicados e aromas delicados. ",Volume: 600ml,,,,,https://www.araraunacachacaria.com.br/cachaca-seleta-600ml,12/07/2021 23:33
17,60faf0166b65d1ecae4649d6,Cachaça Providência 600ml," R$ 39,90 "," A Cachaça Providência é produzida em Buenópolis/MG e envelhecida por 1 ano em tonais de Carvalho e Amburana. Em torno dessa cachaça tem a história de Juscelino Kubitschek, que sempre pedia licença para tomar uma ""providência"" no intervalo de algumas reuniões quando o assunto era massante. A ligação entre minas gerais e Brasília/DF é antiga e por isso temos nessa cachaça a nossa maior expressão de mineiridade com candanguisse. ",Volume: 600ml,,,,,https://www.araraunacachacaria.com.br/cachaca-providencia-600ml,12/07/2021 23:33
18,60faf0176b65d1ecae4649d7,Cachaça Engenho Fazenda Velha Prata 670ml," R$ 35,90 "," Cachaça Engenho Fazenda Velha Prata - 670ml, 39% vol; de Nova Odessa - SP. O Engenho Fazenda Velha é um projeto antigo que nasceu da admiração pelos produtos derivados da cana de açúcar. Com a mudança do Vicente da cidade de Brotas para Americana, o mesmo iniciou seu trabalho em Campinas, no laboratório de física da Unicamp. Começou então seus estudos na biblioteca da universidade e em seguida iniciou seus experimentos para a fabricação da cachaça. No princípio, foi a destilação em um alambique de 600 litros, na cidade de Americana, onde se produziu os primeiros lotes, aproximadamente no ano de 1.980, lote este que faz parte da reserva especial do fundador. O primeiro prédio destinado ao alambique foi construído às margens do Km 121 da Rodovia Anhanguera, no ano de 1.982, onde o projeto tomou mais forma. Com as tentativas de legalização do alambique, vieram as dificuldades no cumprimento de todas as exigências legais, então, o “projeto alambique” foi temporariamente arquivado para dar espaço a indústria metalúrgica da família, que também fazia parte das realizações do nosso fundador. Finalmente no ano 2.000, com a Indústria Metalúrgica já estruturada, foi retomado o “projeto alambique” com a compra de terras em Nova Odessa, no bairro Fazenda Velha ( hoje Recanto da Fazenda ) . Iniciou-se a construção do prédio, fabricação de dispositivos e equipamentos produzidos pela própria Indústria metalúrgica da família, compra de máquinas, automatização, sustentabilidade, legalização, até a concretização do Engenho Fazenda Velha, a fábrica de cachaça do Sr. Vicente Paulo Polacchini que recebeu sua primeira licença de operação da CETESB em 20/12/2016. O Engenho Fazenda Velha está instalado em Nova Odessa - SP, no bairro Recanto da Fazenda, a 30 Km de Campinas. Temos plantação própria de cana de açúcar, produção sustentável quanto a utilização de queima do bagaço da cana na caldeira para geração de calor para a destilação, reaproveitamento do restilo e cinzas para adubação do solo da plantação de cana de açúcar, que é acompanhado por engenheiro agrônomo responsável. Toda linha de produção da cachaça, controlada por técnico químico desde a fermentação até o controle de qualidade e envase ",Volume: 670ml,,,,,https://www.araraunacachacaria.com.br/cachaca-engenho-fazenda-velha-prata-670ml,12/07/2021 23:33
19,60faf0176b65d1ecae4649d8,Cachaça Dom Bré Extra Premium Carvalho 700ml," R$ 149,00 "," A marca DOM BRÉ com o seu brasão, remete aos símbolos das famílias tradicionais mineiras, que inspiram princípios éticos e responsáveis por gerações. A Cachaça Dom Bré Extra Premium Carvalho é uma bebida equilibrada onde o amadeirado em sintonia com o frutado e abaunilhado resulta em uma cachaça leve, porém de sabor marcante que agrada a todos os apreciadores de uma boa cachaça. Em 2020 foi eleita a 4ª melhor cachaça do Brasil pela Cúpula da Cachaça. Origem: Guarani / MG Madeira: Carvalho Envelhecimento: 5 anos Grad. Alcoólica: 40% Volume: 750ml ",Volume: 750ml,40%,Carvalho,Guarani / MG,5 anos,https://www.araraunacachacaria.com.br/cachaca-dom-bre-extra-premium,12/07/2021 23:33
20,60faf0176b65d1ecae4649d9,Cachaça Tiê Prata Edição Comemorativa 750ml," R$ 135,00 "," CACHAÇA TIÊ PRATA EDIÇÃO coMEMORATIVA Eleita e melhor cachaça prata do Brasil em 2020, pela Cúpula da Cacachaça, a Cachaça Tiê Prata Edição Comemorativa é produzida em alambique de cobre seguindo as melhores tradições mineiras e armazenada em inox, a Tiê Prata preserva os aromas e sabores adocicados da cana, com uma agradável picância no final. Excelente para ser bebida pura e perfeita na composição dos mais variados coquetéis. ",Volume: 750ml,,,,,https://www.araraunacachacaria.com.br/cachaca-tie-prata-edicao-comemorativa-750ml,12/07/2021 23:33
21,60faf0176b65d1ecae4649da,Cachaça Samanaú Envelhecida 500ml," R$ 59,99 "," Cachaça Samanaú Envelhecida, essa cachaça mais que especial é envelhecida por 3 anos e barris de carvalho. Características Sensoriais: ✓ Visual: densa, límpida e brilhante. ✓ Olfativa: fina, intensa e persistente. Marcante presença de madeira, lembrando ervas secas com notas de baunilha. ✓ Gustativa: encorpada, macia e fina, decorrente do processo produtivo orgânico. Persistente e de acidez equilibrada. A madeira aparece em primeiro plano. ✓ Impressão Final: fina, intensa e persistente, deixando a boca enxuta, com boa impressão especiada de baunilha. ✓ Harmonização: Própria para acompanhar pratos complexos condimentados, suculentos e gordurosos. Pode ser servida, nos dias quentes, “on the rocks”. Pode também acompanhar um cafezinho final. A Cachaça Samanaú passou a ser produzida a partir de 2004 quando Vidalvo Dadá Costa aceitou o desafio e instalou um alambique artesanal no Sítio Samanaú, na cidade de Caicó, no Sertão do Seridó, Rio Grande do Norte. Mas tudo começou mesmo lá atrás, em 1994 com a construção da Barragem Passagem das Traíras, perenizando o Rio Seridó, fundamental para o incrementado do cultivo da cana de açúcar naquela região. Segundo o fabricante, a cana dessa região é diferenciada por possuir um maior teor de sacarose, devido as 4000 horas de insolação por ano e a grande amplitude térmica entre dia e noite. ",Volume: 500ml,,,,,https://www.araraunacachacaria.com.br/cachaca-samanau-envelhecida-500ml,12/07/2021 23:33
22,60faf0176b65d1ecae4649db,Cachaça Capão da Palha Envelhecida 2 Anos 700ml," R$ 79,90 "," Cachaça Artesanal Capão da Palha Tradicional Envelhecida 2 Anos em Madeira Brasileira Canela Amarela – 700ml Produzida na Fazenda Capão da Palha em um lindo vale na Chapada dos Veadeiros, nordeste de Goiás. Diferente da imensa maioria, o envelhecimento na Madeira Brasileira Canela Amarela dá um sabor único, bem diferente dos toneis comuns de carvalho americano ou europeu. ORIGEM: Chapada dos Veadeiro/GO MADEIRA: Canela Amarela ENVELHECIMENTO: 2 anos Grad. Alcoólica.: 39% Volume: 700ml ",Volume: 700ml,,,,2 Anos,https://www.araraunacachacaria.com.br/cachaca-capao-da-palha-envelhecida-2-anos-700ml,12/07/2021 23:33
23,60faf0176b65d1ecae4649dc,Cachaça Saracura Extra Premium 700ml," R$ 179,90 "," A cachaça SARACURA é um produto diferenciado. elaborada de forma artesanal por seu fundador, Élio Gregório, seus blends especiais são envelhecidos em barris de carvalho europeu por 8 (oito) anos. Isto lhe proporciona o toque magnifico do seu sabor aveludado e sua macies, com fragrância suave e amadeirada. A Saracua foi premiada com medalha de ouro no concours mundial de bruxelas – etapa brasil 2018 e com a grande medalha de ouro no concurso vinhos e destilados do brasil - 2019 - 17ª edição É uma cachaça sem precedentes. A arte do Blend utilizada por Élio confere suavidade, sabor e aromas particulares à Saracura. É uma viagem no tempo e os tons de amadeirado, frutado e especiarias são marcantes. ",Volume: 700ml,,,,,https://www.araraunacachacaria.com.br/cachaca-saracura-extra-premium,12/07/2021 23:33
24,60faf0176b65d1ecae4649dd,Cachaça Caialua Prata 750ml," R$ 59,99 "," A Cachaça Caialua Prata foi eleita a melhor cachaça branca de Goiás em 2020 e 7ª melhor do Brasil pela Cúpula Da Cachaça. Cachaça premiada no Concurso Mundial de Destilados em Bruxelas 2018. É armazenada em reservatórios de aço inox por 1 ano, possui graduação alcoólica de 40% vol. É leve, com notas cítricas e um leve adocicado ao final. O Alambique Caialua segue uma tradição familiar de cultivo e amor pela terra, sua propriedade está situada na nascente do Rio Extrema, 65 km ao norte de Formosa – Goiás, afluente do Rio Paranã, por isso a chamamos das “terras férteis do vale do Extrema”. Consorciado com gado de corte e devido ao amor pela bebida surgiu a ideia de se produzir a Caialua nas terras de Goiás, muito incentivado pelo tio Hugo Saraiva, na ocasião pecuarista no Maranhão e também apreciador da bebida. Em 2009 iniciou-se os trabalhos com canaviais, construção civil, equipamentos e muito estudo sobre o produto. Em 2012 nascia nossa primeira cachaça. Colheita manual, aproveitamento da folhagem da cana e o bagaço com alimentação animal, a água de resfriamento no processo de destilação, volta para os rios e córregos da mesma forma que veio e o vinhoto e usado como adubo nos próprios canaviais. A Produção da cachaça consiste em padronização do caldo de cana, fermentação, destilação, e armazenamento ou envelhecimento, pois se essas etapas finais não são bem assistidas teremos problemas no produto. ",Volume: 750ml,,,,,https://www.araraunacachacaria.com.br/cachaca-caialua-prata-750ml,12/07/2021 23:34
25,60faf0176b65d1ecae4649de,Cachaça Cabaré Amburana 700ml,"            R$ 45,90   ", Cachaça Cabaré é produzida pelo Engenho Dom Tapparo em Mirassol / SP armazenada em tonéis por 1 ano em de Amburana envasada em uma garrafa de 700ml a 38% de graduação alcoólica Origem: Mirassol / SP Madeira: Amburana Envelhecimento: 6 meses Grad. Alcoólica: 38% Volume: 700ml ,Volume: 700ml,38%,Amburana,Mirassol / SP,6 meses,https://www.araraunacachacaria.com.br/cachaca-cabare-amburana-700ml,12/07/2021 23:34
26,60faf0176b65d1ecae4649df,Cachaça Saracura Prata 700ml," R$ 179,90 "," A cachaça Saracura Prata represnta a cachaça In natura, descansada um ano em toneis de aço inoxidável. Possui graduação alcoólica de 40%. ",Volume: 700ml,,,,,https://www.araraunacachacaria.com.br/cachaca-saracura-prata-700ml,12/07/2021 23:34
27,60faf0186b65d1ecae4649e0,Cachaça Weber Haus Prata - 700ml," R$ 75,90 ", Cachaça descansada por um ano em tanques de inox. ,Volume: 700ml,,,,,https://www.araraunacachacaria.com.br/cachaca-weber-haus-prata-700-ml,12/07/2021 23:34
28,60faf0186b65d1ecae4649e1,Cachaça Estância Moretti Prata 750ml," R$ 399,99 "," A cachaça Estância Moretti é produzida em Jandaia do Sul/PR, uma das regiões com indicação de procedência da cachaça. Luiz Carlos Moretti produtor da Cachaça Estância Moretti, Luiz herdou a paixão pela bebida da família Moretti, que veio da Itália e tinha a tradição de trabalhar com bebidas. Mas o amor pelo destilado tipicamente brasileiro veio do pai e do avô, que eram grandes apreciadores da Cachaça, inclusive prezavam sempre por beber uma boa dose juntos. Coincidência ou não desde sempre a Cachaça fez parte de sua vida, sendo através do seu trabalho ou simplesmente degustando e colecionando bons rótulos. “Eu sempre fui muito encantado por Cachaça por ser um produto brasileiro e com uma riqueza de história. Cachaça é sempre bem-vinda numa roda de amigos e pode harmonizar com um bom churrasco.”, afirma Moretti. Mas com o passar dos anos Luiz começou a sentir uma vontade de produzir a sua própria Cachaça, algo que atendesse as características sensoriais que ele procurava. Queria fazer a sua própria Cachaça Artesanal, uma vez que ele era encantado pelo processo de fabricação e pela qualidade fantástica do produto final. Ainda bem que ele tirou o plano do coração, e em 2001 lançou a Cachaça Estância Moretti, que carrega o nome de sua família. “Encantadora e mágica a Cachaça sempre me traz boas e ótimas lembranças.” Atualmente a Cachaça é produzida na Cachaçaria Companheira na cidade de Jandaia do Sul, no Paraná. Por lá o corte e a colheita da cana-de-açúcar utilizada para a fabricação do destilado é feito de forma manual e no inverno, pois é quando a cana está madura. A destilação é feita em alambique de cobre e todo o processo de envelhecimento são feitos em barris de carvalho americano ou francês. Luiz teve o zelo de produzir uma Cachaça com características sensoriais únicas. Uma cachaça onde as lágrimas escorrem no tempo correto e cada gole proporciona ao apreciador uma lembrança marcante e suave ao seu paladar. A Cachaça Estância Moretti não é apenas uma bebida, é uma obra de arte, onde todos os detalhes foram cuidadosamente pensados, desde a produção até a escolha do rótulo, da garrafa e das rolhas, que foram escolhidas para que a Cachaça não evapore e para que a qualidade seja conservada. Te convidamos a degustar esses rótulos e se surpreender com os sabores e aromas! ",Volume: 750ml,,,,,https://www.araraunacachacaria.com.br/estanciamorettiprata,12/07/2021 23:34
29,60faf0186b65d1ecae4649e2,Cachaça Serra Morena Ouro 670ml," R$ 59,90 "," A fabricação da cachaça Serra Morena é artesanal e seu processo de produção prima pela excelência do produto, a fim de gerar uma cachaça de sabor suave e aroma inconfundível. O conceito de qualidade começa a ser aplicado no plantio da cana-de-açúcar com a supervisão de engenheiro agrônomo. A utilização dos tradicionais alambiques de cobre garante a pureza e a graduação alcoólica, ideais para um destilado de alto nível, que fazem com que a Cachaça Serra Morena seja conhecida, apreciada e degustada em todo o Brasil e em todo o mundo. ",Volume: 670ml,,,,,https://www.araraunacachacaria.com.br/cachacaserramorenaouro670ml,12/07/2021 23:34
30,60faf0186b65d1ecae4649e3,Cachaça Salinas Carvalho 700ml," R$ 74,90 "," Cachaça Salinas Tradicional 700ml Envelhecida 3 anos em tonéis de Bálsamo, possui coloração clara e sabor suave e amadeirado. Frutado com sutis traços de madeira. Sabor: Leve e macia, com acidez equilibrada. Harmonização: Acompanha petiscos, caldos e pratos à base de frutos do mar. Estado: Minas Gerais Envelhecimento: 3 Anos Madeira: Bálsamo ",Volume: 700ml,,,,,https://www.araraunacachacaria.com.br/cachaca-salinas-carvalho-700ml,12/07/2021 23:34
31,60faf0186b65d1ecae4649e4,Cachaça Sérgio E Rodrigo Só as Antigas 670ml," R$ 35,90 ", A Cachaça Sérgio E Rodrigo Só as Antigas 670ml é uma edição comemorativa aos 18 anos da dupla. Cachaça fabricada em Salinas/MG. ,Volume: 670ml,,,,,https://www.araraunacachacaria.com.br/cachaca-sergio-e-rodrigo-so-as-antigas-670ml,12/07/2021 23:34
32,60faf0186b65d1ecae4649e5,Cachaça Envelhecida em Canela Sassafrás - 700ml," R$ 79,90 ", Envelhecida 1 anos em barris de Canela Sassafrás ,Volume: 700ml,,,,,https://www.araraunacachacaria.com.br/cachaca-envelhecida-em-canela-sassafras-700ml,12/07/2021 23:35
33,60faf0186b65d1ecae4649e6,Cachaça Cavaco Ouro 700ml," R$ 45,90 "," A Cachaça Cavaco é a primeira produzida integralmente no Distrito Federal, fruto do sonho de tornar a capital do país expoente na bebida nacional, remetendo, assim, ao próprio surgimento de Brasília, um projeto pioneiro e inovador. O Canavial da Fazenda Cavaco, cravado no Planalto Central e oriundo de canas-de-açúcar selecionadsa, serve como base para a produção do fermento com leveduras selvagens, proporcionando sabor e aroma únicos que remetem o coração do Brasil. A Cachaça Cavaco ouro é envelhecida por no mímino 1 ano em barris de carvalho ",Volume: 700ml,,,,,https://www.araraunacachacaria.com.br/cachaca-cavaco-ouro-700ml,12/07/2021 23:35
34,60faf0186b65d1ecae4649e7,Cachaça Estância Moretti Extra Premium 8 Anos 700ml," R$ 399,99 ",,Volume: 700ml,,,,8 Anos,https://www.araraunacachacaria.com.br/cachaca-estancia-moretti-extra-premium-8-anos-700ml,12/07/2021 23:35
35,60faf0196b65d1ecae4649e8,Cachaça Santo Grau Itirapuã 750ml," R$ 59,99 ","   A Cachaça Santo Grau Itirapuã 750ml segue as tradicionais receitas da escola caipira, envelhecendo em barris de carvalho e jequitibá. Com graduação alcoólica de 41%, possui aroma amadeirado e tem sabor aveludado. É fabricada no engenho de Itirapuã, em São Paulo, no único engenho de São Paulo, ainda movido por roda d'água, a Santo Grau Itirapuã carrega em cada garrafa mais de 150 anos de história sendo elaborada pelo engenho da Barra Grande há quatro gerações. Esse engenho, construído em 1860, encontra-se hoje sob o comando de Maurílio Figueiredo Cristófani, que mantém essa tradição e controla todas as etapas da produção. Segundo ele, cada detalhe reflete no sabor da bebida, desde o cuidado com o corte da cana-de-açúcar, a moagem e o tempo de fermentação, até o corte da cachaça e o descanso da bebida. No engenho, a sagra vai de agosto a dezembro, período em que o fermento utilizado atinge o seu auge. A produção artesanal da Santo Grau Itirapuã inclui a fermentação natural a partir de leveduras locais cultivadas em uma mistura de fubá e farelo de arroz, produzidos no antigo moinho de pedra da propriedade. Após o processo de destilação, a bebida é armazenada em tonéis de jequitibá e carvalho. O resultado é uma cachaça de textura aveludada, saborosa, macia e ampla no paladar, com aromas complexos e toques suaves da madeira, que aporta ainda a cor levemente amarelada.  ",Volume: 750ml,,,,,https://www.araraunacachacaria.com.br/cachaca-santo-grau-itirapua-750ml,12/07/2021 23:35
36,60faf0196b65d1ecae4649e9,Cachaça Extra Premium 12 Anos – Lote 48 – 750ml," R$ 169,90 ", Cachaça Extra Premium 12 Anos – Lote 48 – 750ml Cachaça envelhecida 6 anos em barris de carvalho francês e 6 anos em barris de bálsamo. ,Volume: 750ml,,,,12 Anos,https://www.araraunacachacaria.com.br/cachaca-extra-premium-weber-haus-12-anos-750-ml,12/07/2021 23:35
37,60faf0196b65d1ecae4649ea,Cachaça Dom Bré Amburana 700ml," R$ 149,00 "," A marca DOM BRÉ com o seu brasão, remete aos símbolos das famílias tradicionais mineiras, que inspiram princípios éticos e responsáveis por gerações. A Cachaça Dom Bré Amburana é elaborada com requinte e arte, respeitando as tradições seculares de produção da Cachaça Mineira. Após a destilação, a Cachaça Dom Bré é armazenada em tonéis de Amburana, o que lhe confere aroma agradável e um sabor suave, especial e inigualável. Armazenada em tonéis de amburana por um longo tempo, selecionada e elaborada harmoniozamente, com notas amadeiradas, frutadas e florais, com sabor e aroma exclusivos de uma bebida singular. Origem: Guarani / MG Madeira: Amburana Envelhecimento: 3 anos Grad. Alcoólica: 40% Volume: 700ml ",Volume: 700ml,40%,Amburana,Guarani / MG,3 anos,https://www.araraunacachacaria.com.br/cachaca-dom-bre-amburana-700ml,12/07/2021 23:35
38,60faf0196b65d1ecae4649eb,Cachaça SANTO GRAU CORONEL XAVIER CHAVES Garrafa 750ml," R$ 59,99 "," A Cachaça Santo Grau Coronel Xavier Chaves 750ml é produzida no alambique mais antigo em atividade no Brasil, localizado em Coronel Xavier Chaves, na Estrada Real, próximo a Tiradentes e São João Del Rey. Armazenada em tonéis de inox por seis meses, possui graduação alcoólica de 40%. ",Volume: 750ml,,,,,https://www.araraunacachacaria.com.br/cachaca-santo-grau-coronel-xavier-chaves-garrafa-750ml,12/07/2021 23:35
39,60faf0196b65d1ecae4649ec,Cachaça Insinuante 670ml," R$ 35,90 "," Descrição A Insinuante umburana apresenta um cheiro acentuado, cor amarelada e bouquet característico. É uma cachaça encorpada com acidez bastante equilibrada. – Armazenada por 01 ano em tonéis de umburana. – Graduação alcoólica 48% vol. – Indicada para ser apreciada pura – Origem: Januária (MG) ",Volume: 670ml,,,,,https://www.araraunacachacaria.com.br/cachaca-insinuante-670ml,12/07/2021 23:35
40,60faf01a6b65d1ecae4649ed,Cachaça Engenho Fazenda Velha Ouro 700ml,"            R$ 69,90   "," A Cachaça Ouro da Fazenda Velha já foi a ganhadora do título de melhor cachaça envelhecida no ano de 2012, através do VIII concurso de qualidade de cachaça, oferecido pela Universidade Estadual de São Paulo. ",Volume: 700ml,,,,,https://www.araraunacachacaria.com.br/cachaca-engenho-fazenda-velha-ouro-700ml,12/07/2021 23:35
41,60faf01a6b65d1ecae4649ee,Cachaça Cavaco Prata 700ml," R$ 45,90 "," A Cachaça Cavaco é a primeira produzida integralmente no Distrito Federal, fruto do sonho de tornar a capital do país expoente na bebida nacional, remetendo, assim, ao próprio surgimento de Brasília, um projeto pioneiro e inovador. O Canavial da Fazenda Cavaco, cravado no Planalto Central e oriundo de canas-de-açúcar selecionadsa, serve como base para a produção do fermento com leveduras selvagens, proporcionando sabor e aroma únicos que remetem o coração do Brasil. ",Volume: 700ml,,,,,https://www.araraunacachacaria.com.br/cachaca-cavaco-prata-700ml,12/07/2021 23:36
42,60faf01a6b65d1ecae4649ef,Cachaça Estância Moretti Imburana 750ml," R$ 399,99 "," Visual: - Cristalino, Oleosidade e com lágrimas caindo no tempo correto. Aroma: - Aroma bem adocicado herbal com notas marcantes de especiarias como canela e baunilha. Boca: Macia aveludada com uma leve e interessante apimentadinha e baixíssima acidez. Retrogosto: bem amadeirado persistente e alongado. Harmonização: Cachaça perfeita para adicionar gelo e acompanhar um chocolate meio amargo, e celebrar com os amigos. Origem: Jandaia do Sul - PR Madeira:Amburana (Imburana). Envelhecimento: Descansada em barril de Amburana (Imburana). Graduação Alcoólica: 40% Volume: Garrafa de vidro padronizada de 500ml ",Volume: 750ml,,,,,https://www.araraunacachacaria.com.br/cachaca-estancia-moretti-imburana-750ml,12/07/2021 23:36
43,60faf01a6b65d1ecae4649f0,Cachaça Estância Moretti 4 Madeiras 500ml," R$ 399,99 ",,Volume: 500ml,,,,,https://www.araraunacachacaria.com.br/cachaca-estancia-moretti-4-madeiras-500ml,12/07/2021 23:36
44,60faf01a6b65d1ecae4649f1,Cachaça Remedin Ouro 500ml," R$ 59,99 "," Produzida por um casal de mineiros que reside há vinte anos em Brasília, a Remedin guarda todas as tradições da produção artesanal, como o alambique de cobre a lenha, a fermentação natural e o envelhecimento em tóneis de carvalho. Além da sua qualidade, a Remedin é a primeira cachaça com rótulo customizável do Brasil. ",Volume: 500ml,,,,,https://www.araraunacachacaria.com.br/cachaca-remedin-ouro-500ml,12/07/2021 23:36
45,60faf01a6b65d1ecae4649f2,Cachaça Chico Mineiro Prata 600ml," R$ 39,90 ",,Volume: 600ml,,,,,https://www.araraunacachacaria.com.br/cachaca-chico-mineiro-prata-600ml,12/07/2021 23:36
46,60faf01a6b65d1ecae4649f3,Cachaça Salinas Ipê 700ml," R$ 42,99 ",,Volume: 700ml,,,,,https://www.araraunacachacaria.com.br/cachaca-salinas-ipe-700ml,12/07/2021 23:36
47,60faf01a6b65d1ecae4649f4,Cachaça Cabaré Prata 700ml," R$ 45,90 "," Cachaça Cabaré Prata 700ml é Armazenada em tonéis de amendoim, esta bebida possui produção artesanal, feita completamente em propriedade familiar, desde o plantio da cana-de-açúcar até sua destilação. Produto totalmente brasileiro, ela possui uma cor clara e pouca interferência pelo sabor da madeira, pelo seu sabor suave é ideal para preparar aquela deliciosa caipirinha! Após o sucesso da Cachaça Cabaré Extra Premium em parceria com os cantores Leonardo e Eduardo Costa, a Dom Tápparo apresenta a nova versão do destilado: Cachaça Cabaré Prata. O Engenho Dom Tápparo produz no Brasil a Cachaça Cabaré Prata, apesar de ser descansada em tonéis de amendoim, ela mantém as características da bebida pura, sua graduação alcoólica é de 38%, o que influencia no sabor e aroma mais intensos. Graduação alcoólica 38%. Contém 700ml. Bebida Nacional. É proibida a venda e o consumo de bebidas alcoólicas para menores de 18 anos. ",Volume: 700ml,,,,,https://www.araraunacachacaria.com.br/cachaca-cabare-prata-700ml-,12/07/2021 23:36
48,60faf01b6b65d1ecae4649f5,Cachaça Dom Tapparo Premium Carvalho 3 anos 700ml," R$ 79,00 "," A Cachaça Dom Tápparo Extra Premium 3 Anos 700ml é uma bebida extra premium, envelhecida por oito anos em barris de carvalho. Leve, é um destilado que possui graduação alcoólica de 40%. ",Volume: 700ml,,,,3 anos,https://www.araraunacachacaria.com.br/cachaca-dom-tapparo-premium-carvalho-3-anos-700ml,12/07/2021 23:36
49,60faf01b6b65d1ecae4649f6,Cachaça Extra Premium 6 Anos - 750ml," R$ 169,90 ", Cachaça Extra Premium 6 Anos - 750ml ,Volume: 750ml,,,,6 Anos,https://www.araraunacachacaria.com.br/cachaca-extra-premium-weber-haus-750-ml,12/07/2021 23:37
50,60faf01b6b65d1ecae4649f7,Cachaça Vanderley Azevedo Premium Black Carvalho 4 Anos 700ml," R$ 309,00 "," A história da cachaça Vanderley Azevedo teve início em 1940, quando meu avô Sergio José de Araujo, em busca de diamantes no Rio Tejuco, firmou residência na cidade de Ituiutaba. Aqui, montou um armazém para atender às demandas do garimpo e dos moradores da cidade. Vanderley Azevedo “Em 1968, fui trabalhar com meu avô no armazém e observava que o caixeiro-viajante deixava alguns tonéis com cachaça e, após 15 dias passava, para pegá-los. Nesse processo, tornei-me o responsável por envasar a cachaça. Em 1984, meu irmão e eu compramos uma fazenda para realizarmos, nós mesmos, nossa própria produção de cachaça. Desde então, destilamos o melaço da cana de açúcar de forma artesanál.” Todo esse processo é feito com a mesma dedicação desde 1984. Em cada gota da Vanderley Azevedo está depositado todo o afeto típico do povo do interior mineiro. Essa cachaça foi medalha de ouro no concurso mundial de Bruxelas em 2019. ",Volume: 700ml,,,,4 Anos,https://www.araraunacachacaria.com.br/cachaca-vanderley-azevedo-premium-black-700ml,12/07/2021 23:37
51,60faf01b6b65d1ecae4649f8,Cachaça Asa Branca Amburana 670ml," R$ 35,90 "," De uma forma artesanal a quase 50 anos de produz a Cachaça Asa Branca em Salinas Minas Gerais, contamos com a generosidade do Criador do Universo que, nos entregou o clima apropriado e nos permite produzir o produto de Extrema Qualidade! Nariz: Uma percepção levemente adocicada e uma pequena acidez lembrando frutas cítricas, com notas combinando castanha do Pará e damasco cristalizado. Boca: A Amburana entrega um sabor amadeirado arrastando um mix de frutas cristalizadas e defumados, a impressão et?lica quase não é percebida pois sua característica invade o palato de uma forma intensa. Retrogosto: Podemos perceber que a impressão alcoólica praticamente se esvai após breves minutos, ficando apenas a lembrança amadeirada cítrica e frutada, pairando sobre o palato. ",Volume: 670ml,,,,,https://www.araraunacachacaria.com.br/0000000000833,12/07/2021 23:37
52,60faf01b6b65d1ecae4649f9,Cachaça Samanaú Ouro 500ml," R$ 59,99 "," Cachaça Samanaú Ouro, essa cachaça é armazenada por 6 meses em barris de louro-canela. Características Sensoriais: ✓ Visual: densa, límpida e brilhante. ✓ Olfativa: muito fina, intensa e persistente. Delicadas notas florais, madeira discreta, amêndoa e especiarias, puxando para a canela. ✓ Gustativa: macia, leve e fina. Decorrente do processo produtivo orgânico. Acidez equilibrada e sabor especial com discreta doçura. ✓ Impressão Final: intensa e persistente, deixando um fim de boca com ervas finas, persistindo traços florais e notas de canela e caramelo. ✓ Harmonização: Pela leve presença do caramelo, amêndoas e canela, é ideal para acompanhar sobremesas: doces, sorvetes, bolos e tortas. A Cachaça Samanaú passou a ser produzida a partir de 2004 quando Vidalvo Dadá Costa aceitou o desafio e instalou um alambique artesanal no Sítio Samanaú, na cidade de Caicó, no Sertão do Seridó, Rio Grande do Norte. Mas tudo começou mesmo lá atrás, em 1994 com a construção da Barragem Passagem das Traíras, perenizando o Rio Seridó, fundamental para o incrementado do cultivo da cana de açúcar naquela região. Segundo o fabricante, a cana dessa região é diferenciada por possuir um maior teor de sacarose, devido as 4000 horas de insolação por ano e a grande amplitude térmica entre dia e noite. ",Volume: 500ml,,,,,https://www.araraunacachacaria.com.br/cachaca-samanau-ouro-500ml,12/07/2021 23:37
53,60faf01b6b65d1ecae4649fa,Cachaça Anísio Santiago 600ml," R$ 399,00 "," A Cachaça Anísio Santiago 600ml é uma edição especial limitada das tradicionais Cachaças Havana, tida por muitos como a marca mais famosa de Cachaças Artesanais do Brasil. É armazenada por 12 anos em barris de bálsamo, madeira típica da região de Salinas, Minas Gerais. Robusta, possui graduação alcoólica de 47%. Por suas características únicas, é muito disputada pelos apreciadores e colecionadores de bons destilados. A Cachaça Havana começou a ser produzida no início da década de 1940 por Anísio Santiago, na Fazenda Havana, no sopé da Serra dos Bois, em Salinas, no norte de Minas Gerais. A fama de sua marca ultrapassou as fronteiras do estado e do Brasil foi construída com o que Theodore Roosevelt, ex-presidente dos Estados Unidos, escreveu: “Faça o que puder, com o que tiver, onde estiver”. E ele fez! A Cachaça Havana e seu produtor são indissociáveis, e o excepcional sucesso alcançado no longo ciclo de vida do produto pode ser comparado ao que Beethoven disse sobre a música: “A dimensão da música está em produzir grandes resultados com meios escassos”. E Anísio, com mínimos recursos e uma produção pequena, de cerca de dez mil litros anuais, criou a sua própria demanda e transformou a Cachaça Havana em um produto altamente cobiçado, verdadeiro objeto de desejo para os apreciadores mais exigentes de destilados. ",Volume: 600ml,,,,,https://www.araraunacachacaria.com.br/cachaca-anisio-santiago-600ml,12/07/2021 23:37
54,60faf01b6b65d1ecae4649fb,Cachaça Bola de Ouro 600ml," R$ 39,99 "," A Cachaça Bola de Ouro e a Cachaça Bola de Prata são produzidas em São Sebastião, no agreste alagoano, pela turma do Alambique Gogó da Ema, sob encomenda de Carlos Lira, veterano militante da Cachaça natural da Paraíba e hoje residente na capital federal. A Cachaça Bola de Ouro, possui 40% de graduação alcoólica e traz na receita cachaças em jequitibá e umburana, com toques de bálsamo. Origem: São Sebastião/AL Madeira: Jequitibá/Umburana/Bálsamo Envelhecimento: 1 ano Grad. Alcoólica: 40% Volume: 600ml ",Volume: 600ml,40%,Jequitibá/Umburana/Bálsamo,São Sebastião/AL,1 ano,https://www.araraunacachacaria.com.br/cachaca-bola-de-ouro-600ml,12/07/2021 23:37
55,60faf01b6b65d1ecae4649fc,Cachaça Clássica Meia-noite 500ml," R$ 59,99 "," Cachaça Clássica Meia-noite Nascida da união entre: a tradição mineira, o sabor goiano e a inovação brasiliense a Cachaça Clássica Meia-noite foi elaborada com os padrões das melhores do Brasil. Com um teor alcoólico de 40 graus, é suave, límpida, cheirosa e saborosa. Beber a meia-noite é fazer uma viagem aos mais tradicionais engenhos de Minas Gerais, sentindo o sabor goiano e o fino toque do cerrado brasiliense. Excelente cachaça para uma degustação com queijos, no churrasco e até nas baladas. Sua composição refrescante permite conferir sabor aos mais variados drinks, deixando mais saborosa a nossa caipirinha. Experimente! ",Volume: 500ml,,,,,https://www.araraunacachacaria.com.br/cachaca-classica-meia-noite-500ml,12/07/2021 23:37
56,60faf01b6b65d1ecae4649fd,Cachaça Havana 600ml," R$ 650,00 "," A Cachaça Havana 600ml é uma das Cachaças Artesanais mais tradicionais do Brasil e tida por muitos como a marca mais famosa do destilado nacional. É armazenada por 12 anos em barris de bálsamo, madeira típica da região de Salinas, Minas Gerais. Robusta, possui graduação alcoólica de 47%. É tão importante para a cultura cachaceira do estado e do Brasil que foi reconhecida como Patrimônio Cultural Imaterial de Salinas em 2006. A Cachaça Havana começou a ser produzida no início da década de 1940 por Anísio Santiago, na Fazenda Havana, no sopé da Serra dos Bois, em Salinas, no norte de Minas Gerais. A fama de sua marca ultrapassou as fronteiras do estado e do Brasil foi construída com o que Theodore Roosevelt, ex-presidente dos Estados Unidos, escreveu: “Faça o que puder, com o que tiver, onde estiver”. E ele fez! Prêmios 2018 - 17a Colocada no III Ranking da Cúpula da Cachaça 2016 - 10a Colocada no II Ranking da Cúpula da Cachaça A Cachaça A Cachaça Havana 600ml é uma das Cachaças Artesanais mais tradicionais do Brasil e tida por muitos como a marca mais famosa do destilado nacional. É armazenada por 12 anos em barris de bálsamo, madeira típica da região de Salinas, Minas Gerais. Robusta, possui graduação alcoólica de 47%. A Cachaça Havana e seu produtor são indissociáveis, e o excepcional sucesso alcançado no longo ciclo de vida do produto pode ser comparado ao que Beethoven disse sobre a música: “A dimensão da música está em produzir grandes resultados com meios escassos”. E Anísio, com mínimos recursos e uma produção pequena, de cerca de dez mil litros anuais, criou a sua própria demanda e transformou a Cachaça Havana em um produto altamente cobiçado, verdadeiro objeto de desejo para os apreciadores mais exigentes de destilados. ",Volume: 600ml,,,,,https://www.araraunacachacaria.com.br/cachaca-havana-600ml,12/07/2021 23:37
57,60faf01c6b65d1ecae4649fe,Cachaça Seleta 600ml," R$ 39,90 "," A Queridinha Do Brasil A Cachaça Artesanal Mais Vendida Do País. Feita A Partir De Canas Rigorosamente Selecionadas E Envelhecida Em Tonéis De Umburana — Planta Conhecida Por Suas Características Curativas E Digestivas. A Seleta Tem Sabor Suave E Delicioso. A Mais Brasileira De Todas As Bebidas A Cachaça É Uma Das Mais Belas Expressões Da Cultura Do Nosso País. A Seleta, Maior Produtora De Cachaça Artesanal Do Brasil, Se Inspira Na Alegria, Tradição E Diversidade Dos Brasileiros, Para Produzir Uma Bebida Que Seja A Imagem Do Bom Gosto E Exigência Do Nosso Povo. Estado: Minas Gerais Envelhecimento: 2 Anos Madeira: Umburana Volume: 600 Ml ",Volume: 600ml,,,,,https://www.araraunacachacaria.com.br/produto/cachaca-seleta-600ml-2021-04-13-17-01-29.html,12/07/2021 23:37
58,60faf01c6b65d1ecae4649ff,Cachaça Da Posse 700ml,"            R$ 49,99   ", A Cachaça Da Posse é uma bebida de qualidade sendo a autêntica cachaça destilada em alambique. É originada de um processo de destilação feito após a fermentação do caldo de cana de açúca com farelo de milho. Origem: Guapé / GoiásMadeira: CarvalhoEnvelhecimento: 2 AnosTeor Alcoólico: 40.00%Volume: 700mlTipo: Ouro ,Volume: 700ml,,,,,https://www.araraunacachacaria.com.br/produto/cachaca-da-posse-700ml.html,12/07/2021 23:38
59,60faf01c6b65d1ecae464a00,Cachaça Cavaco Jequitibá Rosa 700ml," R$ 45,90 "," A Cachaça Cavaco é a primeira produzida integralmente no Distrito Federal, fruto do sonho de tornar a capital do país expoente na bebida nacional, remetendo, assim, ao próprio surgimento de Brasília, um projeto pioneiro e inovador. O Canavial da Fazenda Cavaco, cravado no Planalto Central e oriundo de canas-de-açúcar selecionadsa, serve como base para a produção do fermento com leveduras selvagens, proporcionando sabor e aroma únicos que remetem o coração do Brasil. ",Volume: 700ml,,,,,https://www.araraunacachacaria.com.br/produto/cachaca-cavaco-jequitiba-rosa-700ml.html,12/07/2021 23:38
60,60faf01c6b65d1ecae464a01,Cachaça Dom Cabral Ouro 700ml,"            R$ 79,90   ",,Volume: 700ml,,,,,https://www.araraunacachacaria.com.br/cachaca-dom-cabral-ouro-700ml,12/07/2021 23:38
61,60faf01c6b65d1ecae464a02,Cachaça Cavaco Umburana 700ml," R$ 42,99 "," A Cachaça Cavaco é a primeira produzida integralmente no Distrito Federal, fruto do sonho de tornar a capital do país expoente na bebida nacional, remetendo, assim, ao próprio surgimento de Brasília, um projeto pioneiro e inovador. O Canavial da Fazenda Cavaco, cravado no Planalto Central e oriundo de canas-de-açúcar selecionadsa, serve como base para a produção do fermento com leveduras selvagens, proporcionando sabor e aroma únicos que remetem o coração do Brasil. A Cachaça Cavaco umburana é envelhecida por no mímino 1 ano em dorna de umburana com capacidade de 700 litros. ",Volume: 700ml,,,,,https://www.araraunacachacaria.com.br/produto/cachaca-cavaco-umburana-700ml.html,12/07/2021 23:38
62,60faf01c6b65d1ecae464a03,Cachaça Caialua Extra Premium 700ml," R$ 179,90 "," A Cachaça Caialua Extra Premium possui 5 anos de envelhecimento em carvalho americano. Produzida na cidade de Formosa/GO, entorno do Distrito Federal, o alambique Caialua já figura entre os melhores do país e um dos melhores do estado de Goiás. Única, surpreendente, de raízes goianas, com uma qualidade fenonemal advinda dos cuidados do seu produtor José Saraiva Neto. ",Volume: 700ml,,,,,https://www.araraunacachacaria.com.br/cachaca-caialua-extra-premium-700ml,12/07/2021 23:38
63,60faf01c6b65d1ecae464a04,Cachaça Dom Cabral Ed. 1500 Prata 600ml,"            R$ 48,90   ",,Volume: 600ml,,,,,https://www.araraunacachacaria.com.br/cachaca-dom-cabral-ed-1500-prata-600ml,12/07/2021 23:38
64,60faf01d6b65d1ecae464a05,Cachaça Dom Cabral Ed. 1500 Ouro 600ml," R$ 39,99 ",,Volume: 600ml,,,,,https://www.araraunacachacaria.com.br/produto/0000000001205.html,12/07/2021 23:38
65,60faf01d6b65d1ecae464a06,Cachaça Dom Cabral Prata 700ml,"            R$ 59,90   ",,Volume: 700ml,,,,,https://www.araraunacachacaria.com.br/cachaca-dom-cabral-prata-700ml,12/07/2021 23:38
66,60faf01d6b65d1ecae464a07,Cachaça Vale do Cedro 700ml,"            R$ 56,00   "," A cachaça Vale do Cedro foi fundada em 1996 em Palestina de Goiás com o intuito de produzir uma cachaça de alta qualidade através de uma produção sem agró-tóxicos e derivados que fazem mal ao consumidor. Nossa Cachaça vem conquistando consumidores desde então por ser fabricada com cana de açúcar especial, higiene e cuidado excepcionais. A Cachaça Vale do Cedro 700ml é descansada/Envelhecida por, no mínimo 5 anos, em barris de madeira (carvalho) com capacidade para 200 litros. Teor Alcoólico de 38º G.L. A produção da Cachaça Vale do Cedro começa com o cultivo ecologicamente correto da cana, o que inclui correção de solo e adubação orgânica, continuando com a utilização de plantas novas e sadias que não são submetidas à operação de queima, tão danosa ao solo e ao ambiente em geral. ",Volume: 700ml,,,,,https://www.araraunacachacaria.com.br/cachaca-vale-do-cedro-700ml,12/07/2021 23:38
67,60faf01d6b65d1ecae464a08,Cachaça Envelhecida em Barris de Bálsamo Orgânica - 700ml," R$ 79,90 ", Cachaça Envelhecida um ano em Barris de Bálsamo. ,Volume: 700ml,,,,,https://www.araraunacachacaria.com.br/cachaca-envelh-weber-haus-balsamo-700-ml-org,12/07/2021 23:39
68,60faf01d6b65d1ecae464a09,Cachaça Saliboa 600ml," R$ 39,90 "," A Cachaça Saliboa 600ml é armazenada por três anos em barris de ipê amarelo. Robusta, possui graduação alcoólica de 45,5%. A caçula das Cachaças Seleta, é a bebida certa para quem tem paladar apurado ou experiência no consumo de destilados. Cor forte, sabor macio e diferenciado. Experimente pura e gelada. Criada para agradar os paladares mais exigentes, a Saliboa fica ainda melhor se servida em taças de degustação. Perfumada e saborosa, sua qualidade torna-a ideal para ser servida pura à temperatura ambiente ou gelada. Ou, ainda, misturada em drinks e pratos requintados e criativos. Embora o seu sabor diferenciado e aroma agradável tornem a Saliboa uma cachaça versátil, ela acompanha ainda melhor um saboroso preparado de aves, queijos, patês e nozes. Experimente combinar temperos e diferentes cortes, frituras de frango, assados e preparados de pato ou faisão. ",Volume: 600ml,,,,,https://www.araraunacachacaria.com.br/cachaca-saliboa-600ml,12/07/2021 23:39
69,60faf01d6b65d1ecae464a0a,Cachaça Formosa Ouro 700ml," R$ 45,90 "," A Cachaça Formosa Ouro é produzida pelo Alambique Caialua, na cidade de Formosa/GO. Essa cachaça é envelhecida por 6 anos em barris de carvalho, conferindo sabor e aroma sensacionais. Sua produção artesanal possui os melhores padrões de qualidade. Graduação alcoólica: 40% ",Volume: 700ml,,,,,https://www.araraunacachacaria.com.br/cachaca-formosa-ouro-700ml,12/07/2021 23:39
70,60faf01d6b65d1ecae464a0b,Cachaça Caranguejo Gold 670ml," R$ 35,90 "," É uma bebida destilada, com graduação alcoólica de 39% em volume, obtida da destilação do mosto fermentado do caldo de cana-de-açúcar e armazenada em barris de carvalho por um período de dez meses, onde agrega a cachaça uma nova cor, aroma e sabor amadeirado mais intenso e encorpado do carvalho.É uma bebida destilada, com graduação alcoólica de 39% em volume, obtida da destilação do mosto fermentado do caldo de cana-de-açúcar e armazenada em barris de carvalho por um período de dez meses, onde agrega a cachaça uma nova cor, aroma e sabor amadeirado mais intenso e encorpado do carvalho. ",Volume: 670ml,,,,,https://www.araraunacachacaria.com.br/cachaca-caranguejo-gold-670ml-,12/07/2021 23:39
71,60faf01e6b65d1ecae464a0c,Cachaça Premium Gold Orgânica 4 Anos - 750ml,"            R$ 239,99   ", Cachaça envelhecida 3 anos em barris de carvalho francês. ,Volume: 750ml,,,,4 Anos,https://www.araraunacachacaria.com.br/cachaca-premium-weber-haus-gold-750-ml-organico,12/07/2021 23:39
72,60faf01e6b65d1ecae464a0d,Cachaça Vanderley Azevedo Carvalho 6 Anos 700ml," R$ 309,00 ", Graduação Alcoólica: 40%; Volume: 700ml; Safra: 2015; Destilada em alambiques de Cobre; Madeira: Carvalho Francês; Fermentação: Caipira; Cachaça Artesanal produzida em Ituiutaba-MG pontal do triangulo mineiro destilada por Vanderley Azevedo e Cássio Azevedo. Cachaça Artesanal envelhecida em barris de carvalho por no mínimo 4 anos. ,Volume: 700ml,,,,6 Anos,https://www.araraunacachacaria.com.br/cachaca-vanderley-azevedo-carvalho-6-anos-700ml,12/07/2021 23:39
73,60faf01e6b65d1ecae464a0e,Cachaça Leblon Signature Merlet 375ml," R$ 39,90 ", Eleita a melhor cachaça envelhecida do Brasil pelo IV Ranking da Cúpula da Cachaça em 2020 A Cachaça Leblon é descansada nessas barricas de carvalho previamente utilizadas no envelhecimento do Cognac XO (extra envelhecido). O resultado é um produto diferente de uma cachaça típica brasileira. Com aroma robusto e frutado a bebida possui notas complexas de cana especiarias frutas e um acabamento suave. Leblon se mescla com quase todas as frutas e combina bem com outros ingredientes como ervas e licores. A LEBLON ENVELHECIDA (signature merlet) combina o sabor furtado da cana-de-açúcar com os aromas finos de carvalho francês. É uma cachaça especial que envelhece por no mínimo dois anos em barricas novas de primeiro uso. A bebida suave e complexa com fragrâncias de mel frutas secas e nozes foi considerada a melhor cachaça em 2012 e conquistou a medalha de ouro em 2013 passado na World Spirits Competition. Faz parte ainda do portifólio da marca o CEDILLA LICOR DE AÇAÍ feito a partir da cachaça e frutos de açaí orgânicos (cerca de 500 por garrafa). Um produto inovador com um sabor furtado apresenta notas de chocolate e especiarias. É saboroso tanto puro com gelo ou ainda com água gaseificada perfeito também para elaborar coquetéis. Foi considerado em 2013 o melhor licor de fruta também na World Spirits Competition em São Francisco (EUA). Hoje a Cachaça Leblon é considerada uma das melhores do mundo tendo sua qualidade comprovado por diversos prêmios internacionais. Um dos mais importantes reconhecimentos é a conquista por nove vezes consecutivas (de 2006 a 2014) de medalhas de ouro no prestigiado concurso mundial World Spiritis Competition. A Leblon atualmente é a cachaça mais oferecida em renomados estabelecimentos de mercados exigentes como nas cidades americanas de Manhattan e Beverly Hills e nas capitais europeias Londres e Paris. No Brasil ela já conquistou São Paulo e Rio de Janeiro e com a distribuição da Bacardi logo estará presente em todo território nacional. ,Volume: 375ml,,,,,https://www.araraunacachacaria.com.br/cachaca-leblon-signature-merlet-375ml,12/07/2021 23:39
74,60faf01e6b65d1ecae464a0f,Cachaça Reserva do Barão Ouro 700ml," R$ 45,90 "," A cachaça Reserva do Barão é uma homenagem a João José de Oliveira Leite, o Barão de Timbó. A produção desta cachaça obedece critérios rigorosos desde a escolha da cana, até o engarrafamento. O processo de fermentação ocorre com leveduras naturais e temperatura controlada, em dornas de aço inox. Após a etapa da destilação a cachaça Reserva do Barão vai para barrís de carvalho, onde será envelhecida por 4 à 6 anos. Neste espaço de tempo a Reserva do Barão, adquire cor, maciez, aroma e o sabor inconfundível, pronta para degustação, após seu engarrafamento. Origem: Fazenda Priapú - Santo Luzia de Itanhi/SE Madeira: Carvalho Envelhecimento: 4 a 6 anos ",Volume: 700ml,,,,,https://www.araraunacachacaria.com.br/cachaca-reserva-do-barao-ouro-700ml,12/07/2021 23:39
75,60faf01e6b65d1ecae464a10,Cachaça Mercedes Ouro,"            R$ 35,90   ", O Sabor suave da MERCEDES Ouro vai te conquistar no primeiro gole. O envelhecimento nos barris de Pau-Brasil foge do convencional. O perfume suave e o sabor marcante tornam a MERCEDES Ouro uma bebida única. ,,,,,,https://www.araraunacachacaria.com.br/cachaca-mercedes-ouro,12/07/2021 23:39
76,60faf01e6b65d1ecae464a11,Cachaça TEN. Envelhecida Carvalho Americano 700ml," R$ 74,90 "," Um jovem que saiu pelo mundo em missões de paz, em busca de novos horizontes, de um sentido maior. O brilho nos olhos, a vontade de explorar, energia em todos os passos. Foram mais de 100 países, mais de vinte anos de viagens pelo mundo todo. Volta ao Brasil, agora já não tão jovem, trazendo em sua bagagem muitas aventuras e histórias pra contar. E assim nasce a TEN uma cachaça cheia de aromas e sensações com influências de todo o mundo mas com raízes brasileiras. Inspirada pelo espírito de conquista, a TEN. É um destilado de qualidade única com um estilo aventureiro e sofisticado. Suas raízes no interior do estado de São Paulo e em um processo de produção artesanal em pequenos lotes traz atenção a cada detalhe com maestria em seu envelhecimento. Sem igual, em todos os sentidos. A Cachaça TEN. Carvalho é envelhecida por três anos em tonéis de carvalho americano, este é um destilado sofisticado e distinto, levado a você em garrafas numeradas e únicas. Com toque aveludado tem aroma amadeirado e notas acentuadas de caramelo, com especiarias como canela e cravo em segundo plano que se complementam à complexidade do tabaco e amêndoas. Sabores complexos restultado de vários anos de envelhecimento para ser degustada pura assim como os grandes whiskies. Obs.: Para compra do ""coletinho"" personalizado consulte nossa disponibilidade. ",Volume: 700ml,,,,,https://www.araraunacachacaria.com.br/cachaca-ten-envelhecida-carvalho-americano-700ml,12/07/2021 23:40
77,60faf01e6b65d1ecae464a12,Cachaça Costa Rica Amburana 670ml," R$ 35,90 "," Bebida suave apresentando o floral e o amadeirado em harmônica sintonia, trazendo à memória, ao degustarmos, a verdadeira essência da Cachaça Mineira de Qualidade. Produzida na cidade de Guarani/MG pelo Alambique Guarani ",Volume: 670ml,,,,,https://www.araraunacachacaria.com.br/cachaca-costa-rica-amburana-670ml-,12/07/2021 23:40
78,60faf01e6b65d1ecae464a13,Cachaça Tiê Prata 700ml," R$ 45,90 "," Produzida em alambique de cobre seguindo as melhores tradições mineiras e armazenada em inox, a Tiê Prata preserva os aromas e sabores adocicados da cana, com uma agradável picância no final. Excelente para ser bebida pura e perfeita na composição dos mais variados coquetéis. Foi considerada umas das três melhores cachaças brancas do Brasil pelo Ranking Cúpula da Cachaça 2018. Eleita a melhor cachaça do branca do Brasil em 2020 pela Cúpula da Cachaça. ",Volume: 700ml,,,,,https://www.araraunacachacaria.com.br/cachaca-tie-prata-700ml,12/07/2021 23:40
79,60faf01e6b65d1ecae464a14,Cachaça Harmonie Schnaps Bálsamo 700ml,"            R$ 79,90   "," CACHAÇA ENVELHECIDA EM BARRIL DE BÁLSAMO Esta Cachaça é envelhecida por um ano em barris de madeira Bálsamo. Ideal para tomar pura, pois é refrescante e deixa um frescor no paladar. Os barris são novos e possuem uma tosta media com capacidade de até 700 litros. A fermentação utilizada são leveduras selecionadas, resultando em uma cachaça leve, suave e sem acidez elevada. Este produto recebeu a Medalha de ouro na categoria Madeiras Brasileiras na 29ª edição da Expocachaça, em Belo Horizonte/MG, em 2019. Nome da Cachaça: Cachaça Envelhecida Tipo: Envelhecida em barril de Bálsamo Graduação: 38% Tempo de Envelhecimento: Um ano Volume: 700ml ",Volume: 700ml,,,,,https://www.araraunacachacaria.com.br/cachaca-harmonie-schnaps-balsamo-700ml,12/07/2021 23:40
80,60faf01f6b65d1ecae464a15,Cachaça Bola de Ouro 355ml," R$ 39,99 ", A Cachaça Bola de Ouro é produzida em São Sebastião/AL envelhece em Umburana Jequitibá Rosa e Bálsamo e é envazada em garrafas de 600ml. ,Volume: 355ml,,,,,https://www.araraunacachacaria.com.br/cachaca-bola-de-ouro-355ml,12/07/2021 23:40
81,60faf01f6b65d1ecae464a16,Cachaça Authoral Gold 700ml,"            R$ 45,90   "," A Cachaça Authoral é produzida a partir de um conceito biodinâmico de sustentabilidade que busca equilibrar todas as etapas do processo produtivo, desde o plantio da cana-de-açúcar por mudas (para minimizar a liberação de carbono na atmosfera e preservar o solo), passando pela utilização da energia solar e não utilização da queima do bagaço da cana como fonte energética, até o aproveitamento do vinhoto para ferti-irrigação do terreno. Seu desenvolvimento reuniu as melhores técnicas produtivas de vinhos e azeites com o que há de mais atual na ciência de bebidas destiladas para fazer da Cachaça Authoral um produto único. ",Volume: 700ml,,,,,https://www.araraunacachacaria.com.br/cachacaauthoral-gold,12/07/2021 23:40
82,60faf01f6b65d1ecae464a17,Cachaça Caipira Cerejeira 700ml,"            R$ 45,90   "," A cachaça caipira é envelhecida em tonéis de cerejeira por um ano. Cachaça suave, macia, com aroma e sabor levemente adocicado, frutado com toques de especiarias que remetem à madeira, e de coloração dourada. Produzida pelo Alambique Caipira, localizado na capital capixaba da cachaça, São Roque do Canaã/ES. Nos anos 70, em meio a Pelé, Jimi Hendrix, John Travolta e Michael Jackson, nascia na cidade de São Roque do Canaã-ES o ‘Alambique Caipira’ produzindo cachaça artesanal. Há exatos 40 anos a nossa família começou a produzir cachaça de forma artesanal, e desde então a melhor cachaça artesanal vem sendo produzida por nós no ‘Alambique Caipira’, no vale do Canaã, região serrana do Espírito Santo. Uma bebida fina, que agrada a paladares exigentes e é excelente para uma boa degustação ",Volume: 700ml,,,,,https://www.araraunacachacaria.com.br/cachaca-caipira-cerejeira-700ml,12/07/2021 23:40
83,60faf01f6b65d1ecae464a18,Cachaça Costa Rica Carvalho 670ml," R$ 35,90 "," Cachaça artesanal mineira de alambique, armazenada em tonéis de carvalho apresentando um equilíbrio perfeito entre o amadeirado e o frutado originando uma bebida suave com sabor marcante. Fabricada na cidade de Guarani/MG pelo Alambique Guarani possui o mesmo padrão de qualidade da cachaça Dom Bré. ",Volume: 670ml,,,,,https://www.araraunacachacaria.com.br/cachaca-costa-rica-carvalho-670ml,12/07/2021 23:40
84,60faf01f6b65d1ecae464a19,Cachaça Harmonie Schnaps Prata 700ml," R$ 45,90 "," CACHAÇA ENVELHECIDA EM BLEND DE CARVALHO, GRÁPIA, LOURO E CABRIUVA esta é a única cachaça brasileira envelhecida em blend de quatro madeiras. O envelhecimento é feito em barris separados de cada tipo de madeira. Para a fermentação, são utilizadas leveduras selecionadas importadas, resultando em uma cachaça surpreendente, indicada para os paladares mais apurados. Esta cachaça já recebeu diversos prêmios. Em 2007, recebeu medalha como uma das melhores Cachaças do Rio Grande do Sul. Em 2013, foi agraciada com Medalha Ouro no Concurso Mundial de Bruxelas. Em 2014, foi premiada com a Medalha Ouro no Concurso da 24ª edição da Expocachaça. Em 2015, recebeu Medalha de Bronze na Expointer, em Esteio – RS. Em 2016, consagrou-se com Medalha de Prata no Concurso Mundial de Bruxelas. Em 2018, Medalha de Ouro no Concurso Mundial de Bruxelas. Em 2019 Grande Medalha de Ouro no Concurso Nacional de Vinhos e Destilados do Brasil. Nome da Cachaça: Cachaça Envelhecida em Blend de Quatro Madeiras Tipo: Envelhecida em barris de Carvalho, Grápia, Louro e Cabriúva Graduação: 38% Tempo de Envelhecimento: 3 anos Volume: 700ml, 160ml e 50ml ",Volume: 700ml,,,,,https://www.araraunacachacaria.com.br/cachaca-harmonie-schnaps-prata--0001,12/07/2021 23:40
85,60faf01f6b65d1ecae464a1a,Cachaça Harmonie Schnaps Blend de Quatro Madeiras 700ml,"            R$ 45,90   "," A Cachaça Prata (jovem) é ideal para caipirinhas e coquetéis. Ela é uma cachaça extremamente leve e suave onde predomina o sabor e aroma da cana-de-açúcar e da fermentação, resultado do uso de leveduras selecionadas importadas. Em 2007 esta cachaça recebeu Medalha como uma das melhores Cachaças do Rio Grande do Sul. Em 2013 a cachaça recebeu a Medalha Grande Ouro no Concurso Mundial de Bruxelas, sendo considerada a melhor cachaça do Brasil, em 2014 recebeu Medalha de Ouro no Concurso Mundial de Bruxelas, na Revista Sexy da edição de Junho de 2014 a Cachaça participou de uma degustação onde ficou em segundo lugar nas Cachaças brancas do Brasil, Medalha de Ouro no Concurso realizado no Rio Grande do Sul na Expointer em 2014, Medalha de Ouro no Concurso Mundial de Bruxelas 2017 e recentemente, em 2018 recebeu Medalha de Prata no mesmo Concurso Mundial de Bruxelas. Em 2018 recebeu 1º lugar na Categoria Cachaça Prata no Concurso Expointer em Esteio/RS. Nome da Cachaça: Cachaça Linha Prata Tipo: Armazenada em tanques de inox Graduação: 38% Tempo de Envelhecimento: Descansada por 6 meses em tanques de inox Volume: 750ml, 160ml, 50ml ",Volume: 700ml,,,,,https://www.araraunacachacaria.com.br/cachaca-harmonie-schnaps-blend-de-quatro-madeiras-700ml,12/07/2021 23:41
86,60faf01f6b65d1ecae464a1b,Cachaça Engenho Lyra Jequitibá 700ml,"            R$ 45,90   "," A Cachaça Egenho Lyra Jequitibá-Rosa é fabricada na Fazenda Lyra em Riachuelo/SE. Essa cachaça é envelhecida por 2 anos em tonéis de jequitibá rosa. Produzida artesanalmente em alambique de cobre e em fogo direto na fornalha, o que a torna um destilado diferenciado e comparado aos melhores destilados do mundo. A Cachaça Engenho Lyra Jequitibá possui sabor e aroma marcantes, uma suavidade e maciez sem precedentes. A Fazenda data do século 18, cuja sede ainda guarda muitas relíquias deste tempo, inclusive a própria construção. Um lugar lindo para turismo rural e apenas 30km de Aracaju. Um celeiro de tradições que nos leva de volta há época de glória do açúcar. A produção da cachaça é artesanal e orgânica. Utilizando toda a tradição, desde o plantio ao envase, inclusive o fermento caipira. Origem: Riachuelo/SE Graduação alcóolica: 40% Madeira: Jequitibá Rosa ",Volume: 700ml,,,,,https://www.araraunacachacaria.com.br/cachaca-engenho-lyra-jequitiba-700ml,12/07/2021 23:41
87,60faf01f6b65d1ecae464a1c,Cachaça Companheira Extra Premium 8 anos 750ml," R$ 169,90 "," Eleita a cachaça do Ano de 2020 pela Cúpula da Cachaça a Cachaça Companheira Extra Premium 8 anos de sabor inigualável, envelhecida 8 anos em barril de carvalho. Eleita a Melhor Cachaça Extra Premium do Brasil . A Cachaça do Ano! Premiações: • 1º lugar no IV Ranking da Cúpula da Cachaça 2020 – Categoria Premium/Extra Premium. Também recebeu o título de Cachaça do Ano, por ter atingido a maior pontuação entre todas as 50 amostras (90,63 pontos).   Duplo Ouro no Concurso Mundial de Bruxelas – Edição Brasil 2018. 3º lugar no III Ranking 2018 da Cúpula da Cachaça. • Gran Ouro no Concurso Mundial de Bruxelas – Edição Brasil 2016. • Medalha de ouro no Concurso Mundial de Bruxelas 2016 (Spirits Sellection 2016), realizado na cidade de Tequila, no México. São mais de 10 premiações nos maiores concursos de destilados do Brasil e exterior. Confira 700 ml. 40% em volume. Envelhecida 8 anos em barril de carvalho. ",Volume: 750ml,,,,8 anos,https://www.araraunacachacaria.com.br/cachaca-companheira-extra-premium-8-anos-750ml,12/07/2021 23:41
88,60faf01f6b65d1ecae464a1d,Cachaça TEN. Branca 750ml," R$ 59,99 "," Nossa cachaça branca ocupa um lugar especial em nosso bar. Destilada em alambiques de cobre, apenas o “coração” descansa por um ano em dornas de inox, o que traz ao destilado aromas leves na boca com notas frescas florais e sabor adocicado, remetendo ao açúcar mascavo. ",Volume: 750ml,,,,,https://www.araraunacachacaria.com.br/cachaca-ten-branca-750ml,12/07/2021 23:41
89,60faf0206b65d1ecae464a1e,Cachaça Vanderley Azevedo Prata 700ml," R$ 45,90 "," Graduação Alcoólica: 40%; Volume: 700ml; Safra: 2017; Destilada em alambiques de Cobre; Armazenamento: Inox; Cachaça Artesanal produzida em Ituiutaba-MG pontal do triangulo mineiro destilada por Vanderley Azevedo e Cássio Azevedo. Cachaça Premiada com medalha de ouro no maior concurso de destilado do mundo. A história da cachaça Vanderley Azevedo teve início em 1940, quando meu avô Sergio José de Araujo, em busca de diamantes no Rio Tejuco, firmou residência na cidade de Ituiutaba. Aqui, montou um armazém para atender às demandas do garimpo e dos moradores da cidade. Vanderley Azevedo “Em 1968, fui trabalhar com meu avô no armazém e observava que o caixeiro-viajante deixava alguns tonéis com cachaça e, após 15 dias passava, para pegá-los. Nesse processo, tornei-me o responsável por envasar a cachaça. Em 1984, meu irmão e eu compramos uma fazenda para realizarmos, nós mesmos, nossa própria produção de cachaça. Desde então, destilamos o melaço da cana de açúcar de forma artesanál.” Todo esse processo é feito com a mesma dedicação desde 1984. Em cada gota da Vanderley Azevedo está depositado todo o afeto típico do povo do interior mineiro. Análise Sensorial APARÊNCIA: Clara, limpa e polida. AROMA: O nariz oferece uma ótima intensidade aromática, com tons pronunciados de cana de açúcar, com caráter floral. SABOR: O paladar é muito equilibrado e oferece um contraponto harmonioso entre doçura e adstringência. Notas forais e herbáceas da cana-de-açúcar estão presentes e proporcionam um final longo e assertivo. ",Volume: 700ml,,,,,https://www.araraunacachacaria.com.br/cachaca-vanderley-azevedo-prata-700ml,12/07/2021 23:41
90,60faf0206b65d1ecae464a1f,Cachaça Weber Haus Primavera Org 600ml," R$ 75,90 "," Cachaça Primavera foi a primeira marca comercial da cachaçaria, relançada agora como uma homenagem histórica ao seu fundador, Hugo Weber. É envelhecida em barris de Cabriúva por seis meses. A Cachaçaria Weber Haus A cachaçariaWeber Haus vem de uma longa tradição familiar na produção de bebidas destiladas, desde a chegada da Alemanha, no distante ano de 1824. Inicialmente com a produção de schnaps, bebida típica alemã elaborada a partir de batatas, mais tarde, a partir de 1848, a cana de açúcar se torna a matéria-prima do engenho e desde então a cachaça é produzida nos alambiques de cobre da família. Sediada na cidade de Ivoti, no Rio Grande do Sul, a cachaçaria familiar se transformou em empreendimento comercial no ano de 1948, tornando-se referência na elaboração de cachaças artesanais na região, atuando com o nome de Cachaça Primavera. No ano de 2001 a empresa passou por uma reformulação total e foi batizada Weber Haus, iniciando o processo de expansão da marca para todo o Brasil. Detentora de mais de 100 premiações nacionais e internacionais, hoje a cachaçaria produz 255 mil litros de cachaça por ano e exporta seus produtos para mais de 10 países. Produção O processo de fabricação das cachaças da Cachaçaria Weber Haus se inicia com o plantio de cana-de-açucar de variedades escolhidas por sua adequação ao clima da região, além de seu grau de doçura. Todo o plantio é feito sem a adição de quaisquer agrotóxicos, dessa forma as cachaças Weber Haus possuem o selo de Produto Orgânico. Trata-se de uma destilaria artesanal, onde todos os produtos são elaborados cuidadosamente em pequenos lotes, garantindo o controle de qualidade em todas as etapas da produção. A destilação é feita em tradicionais alambiques de cobre. País - Brasil Classificação - Cachaça A base de - Destilado do mosto fermentado do caldo de cana-de-açúcar Graduação alcoólica - 40%ABV Litragem - 600ml ",Volume: 600ml,,,,,https://www.araraunacachacaria.com.br/cachaca-weber-haus-primavera-org-600ml,12/07/2021 23:41
91,60faf0206b65d1ecae464a20,Cachaça Dom Tápparo Extra Premium Carvalho 12 Anos 750ml," R$ 79,00 "," A Cachaça Dom Tápparo Extra Premium Carvalho 12 Anos 700ml é uma bebida extra premium, envelhecida por 12 anos em barris de carvalho. Leve, é um destilado que possui graduação alcoólica de 40%. O Engenho Dom Tápparo surgiu por iniciativa do Sr. José Tápparo, que em 1978 resolveu produzir cachaça para consumo próprio e presentear os amigos. A bebida fez tanto sucesso que apreciadores começaram a querer comprá-la. Foi então que ele viu nessa atividade uma oportunidade de negócio. Com o passar dos anos, e a entrada dos filhos Ademílson e Carlos na empresa, o engenho cresceu e passou a produzir vários tipos de cachaças, coquetéis alcoólicos e licores. Hoje, a empresa conta com a colaboração da terceira geração da família Tápparo: Bruno, Giovanni, Breno, Marcus, Fernando e Carla. Toda a produção da cachaça acontece na propriedade da família, desde o plantio da cana-de-açúcar até a moagem e a destilação. O envelhecimento é feito em barris de carvalho europeu e americano, além de outras madeiras, como amburana e amendoim. ",Volume: 750ml,,,,12 Anos,https://www.araraunacachacaria.com.br/cachaca-dom-tapparo-extra-premium-carvalho-12-anos-750ml,12/07/2021 23:41
92,60faf0206b65d1ecae464a21,Cachaça Tragaluz Maçônica 700ml,"            R$ 45,90   "," A Cachaça Tragaluz Maçônica 700ml Límpida e brilhante. Um produto final equilibrado, estável e pronto. Seu aroma e o sabor do Carvalho são persistentes e lembram um bom brandy. Nela prevalece o Carvalho, que virou um símbolo de qualidade entre os destilados, por causa dos wiskies e cognacs. Sabor e buquê acentuados. Uma cachaça equilibrada, encorpada e madura. Desce sem aspereza, ótima opção. Sabor sutil e que agrada inclusive, ao público leigo. Suave, agradável, de baixa acidez. Uma cachaça correta em todos os sentidos. – Teor Alcoólico = 40 % GL. Após o descanso em dornas de aço inoxidável, este produto é novamente destilado para reduzir os congêneres da primeira destilação, com isto alcançamos um nível de superioridade, jamais alcançado em um produto de uma única destilação. Alguns autores costumam chamar de “cachaça limpa”, pois o índice de congêneres são bem abaixo dos recomendados pela nossa legislação. Ao término deste processo este bidestilado que atinge ao alto teor alcoólico (em torno de 65% GL) segue para ser diluído em água destilada ou deionizada em etapas para evitar choques químicos. Atingindo este produto um teor alcoólico entre 45% GL a 48% GL ele segue para o envelhecimento em tonéis de Carvalho por um período de no mínimo 36 meses. Após esta etapa, este produto já maduro, é estandardizado a 40% GL e uma amostra segue para análise em laboratório renomado em nosso país, para que possamos garantir ao nosso cliente um produto de altíssima qualidade, podendo com isto, rastreá-lo por tempo indeterminado. Após aprovação, este produto segue para um processo de purificação que é a filtragem em diferentes etapas (5 vezes), para que possamos garantir uma maior limpidez, transparência e brilho. – Congêneres: Com o processo de bidestilação os congêneres são reduzidos drasticamente, se comparados com um produto de uma única destilação. ",Volume: 700ml,,,,,https://www.araraunacachacaria.com.br/cachaca-tragaluz-maconica-700ml-2021-03-18-14-58-47,12/07/2021 23:41
93,60faf0206b65d1ecae464a22,Cachaça Chama Crioula Ouro 600ml," R$ 39,99 "," A Cachaça Chama Crioula possui seu diferencial desde o plantio da cana de açúcar, buscando obter as melhores matérias primas com a finalidade de apresentar uma cachaça de alto nível, que cumpra os altos padrões nacionais de qualidade e tenha destaque no mercado internacional. Dentro desse escopo da produção, é trabalhado com tipos diferentes da cachaça Chama Crioula A Cachaça Chama Crioula Ouro reflete a essência do povo gaúcho. Destilada em alambique é armazenada até 1 ano em Barris de Amburana. O envelhecimento em barris nesta madeira, deixa a cachaça com o gosto amadeirado, trazendo aromas e sabores como: baunilha, cravo, canela e outras especiarias. ",Volume: 600ml,,,,,https://www.araraunacachacaria.com.br/cachaca-chama-crioula-ouro-600ml,12/07/2021 23:41
94,60faf0216b65d1ecae464a23,Cachaça Serra Morena Prata 600ml," R$ 59,90 ", A Cachaça Serra Morena Ouro 670ml é envelhecida Três Anos Em Tóneis De Carvalho E Jequitibá. Cachaça Suave Com Sabor E Aroma Marcantes. Origem: Belo Vale/MG Envelhecimento: 3 Anos Madeira: Carvalho E Jequitibá ,Volume: 600ml,,,,,https://www.araraunacachacaria.com.br/cachaca-serra-morena-prata-600ml,12/07/2021 23:42
95,60faf0216b65d1ecae464a24,Cachaça Encantos da Marquesa Prata Safra 2011 600ml," R$ 39,90 "," A Encantos da Marquesa Prata Safra 2011 tem sabor doce em balanço com o alcoólico e a acidez. A picância leve torna esta cachaça redonda e gentil. A Cachaça Encantos da Marquesa Prata 2011, produzida em Indaiabira (Marquesa é o nome da fazenda). Comprada em 2009 por Eduardo Martins, pesquisador da área ambiental, por duas vezes presidente do Ibama, a propriedade já tinha tradição na fabricação da bebida. Com a compra, foi investido no aprimoramento do processo de fabricação de cachaça com mais qualidade e produzida com o padrão orgânico. É produzida com diversos cuidados que incluem a base orgânica do canavial, o uso da água de chuva para eliminar a presença de metais na destilação, a colheita manual e o uso de transporte por animais, a renovação sistemática do fermento, e ainda, a destilação cuidadosa em alambiques de cobre de pequeno porte. Sensorial Floral no odor, remete a flores apícolas. O sabor confirma a intensidade de doçura, em balanço com o alcoólico e a acidez. A picância leve torna esta cachaça redonda e gentil. Na fazenda Marquesa a cana é colhida manualmente e transportada por animais até o alambique, para evitar que ela se contamine com a fumaça dos veículos motorizados. Para fermentação, empregam leveduras autóctones selecionadas. Com rendimento de 200 mil litros por ano, a dupla também demonstra vanguarda ao trazer conceitos da Escola Varietal, como identificação da safra e reconhecimento da variedade de cana como fundamental para distinguir as características sensoriais da cachaça. ",Volume: 600ml,,,,,https://www.araraunacachacaria.com.br/cachaca-encantos-da-marquesa-prata-safra-2010-600ml-2021-04-28-14-28-18,12/07/2021 23:42
96,60faf0216b65d1ecae464a25,Cachaça Autêntica Se Sobrá Manda Chuva 700ml,"            R$ 45,90   ", A Cachaça Autêntica Se Sobrá Manda Chuva é envazada em garrafas de 700ml e envelhecida em barris de Carvalho. Produzida na cidade de Alfenas/MG. Origem: Alfenas / MG Madeira: Carvalho Envelhecimento: - Grad. Alcoólica: 39% Volume: 700m ,Volume: 700ml,,,,,https://www.araraunacachacaria.com.br/cachaca-autentica-se-sobra-manda-chuva-700ml,12/07/2021 23:42
97,60faf0216b65d1ecae464a26,Cachaça Harmonie Schnaps Amburana 700ml,"            R$ 45,90   "," CACHAÇA ENVELHECIDA EM BARRIL DE AMBURANA Esta cachaça é envelhecida por 1 ano em barricas de madeira Amburana, árvore natural do nordeste brasileiro. As barricas possuem uma tosta média, que conferem um paladar diferenciado à cachaça. É uma cachaça extremamente leve, suave, ideal para ser tomada pura ou harmonizada com queijos. Esta cachaça conquistou Medalha Ouro no Concurso da 26ª edição da Expocachaça de Belo Horizonte/MG em 2016 e Medalha de Ouro no Concurso Mundial de Bruxelas 2017. Em 2018 recebeu o 1º lugar na Categoria Cachaça Premium no Concurso na Expointer de Esteio/RS. Nome da Cachaça: Cachaça Envelhecida Tipo: Envelhecida em barril Amburana Graduação: 38% Tempo de Envelhecimento: Um ano Volume: 700ml, 160ml, 50ml ",Volume: 700ml,,,,,https://www.araraunacachacaria.com.br/cachaca-harmonie-schnaps-amburana-700ml,12/07/2021 23:42
98,60faf0216b65d1ecae464a27,Cachaça Cállida Amburana 750ml," R$ 59,99 ",,Volume: 750ml,,,,,https://www.araraunacachacaria.com.br/cachaca-callida-amburana-750ml,12/07/2021 23:42
99,60faf0216b65d1ecae464a28,Cachaça Dom Tápparo Amburana 700ml," R$ 79,00 "," Cachaça envelhecida em barris de Amburana 6 anos. O ENGENHO DOM TÁPPARO COMEÇOU, Por iniciativa do Sr. José Tápparo, que em 1978 resolveu produzir cachaça para o consumo próprio e presentear os amigos. A cachaça fez tanto sucesso que começaram a querer comprá-la. Foi então que José Tapparo viu nessa atividade uma oportunidade de negócio. Com o passar dos anos e a entrada dos filhos Ademílson e Carlos na empresa, o engenho cresceu e passou a produzir vários tipos de cachaças, coquetéis alcoólicos e licores. Hoje a empresa conta com a colaboração da terceira geração da família Tápparo, Bruno, Giovanni e Breno, Marcus, Fernando e Carla Tápparo. A produção da cachaça Dom Tápparo é toda feita na propriedade da família: plantio da cana-de-açúcar, moagem, destilação e envelhecimento. Além da produção toda na propriedade, o envelhecimento é feito em barris de Carvalho Europeu e Americano e outras madeiras como Amburana e Amendoim. ",Volume: 700ml,,,,,https://www.araraunacachacaria.com.br/cachaca-dom-tapparo-amburana-700ml,12/07/2021 23:42
100,60faf0216b65d1ecae464a29,Cachaça Tiê Ouro 700ml," R$ 45,90 ", A Cachaça Tiê nasce aqui. Sua produção é artesanal e alinha os métodos tradicionais com as boas práticas de produção necessárias para garantir a sua alta qualidade. Sinta o sabor e aroma levemente perfumado da Cachaça Tiê. Sinta todas essas sensações à flor da pele! Aiuruoca está localizada no Sul de Minas Gerais no limite do Circuito das Águas. Faz parte do Circuito Terras Altas da Mantiqueira do Parque Estadual da Serra do Papagaio e Serra da Mantiqueira sendo considerada uma das melhores cidades para o Ecoturismo e com grande tradição na produção da artesanal de cachaça. Do plantio da cana ao engarrafamento da bebida a cachaça TIÊ passa por um rigoroso controle de qualidade. O corte da planta é feito manualmente sem uso de fogo evitando que componentes indesejáveis surjam durante a fermentação realizada em dornas de inox com levedo especial e por tempo controlado. O mosto fermentado resultado da etapa anterior é colocado em um alambique de cobre para obtenção do produto final: a cachaça. Do total destilado apenas o “coração” é armazenado em tonéis de aço inox e de carvalho e se transformam em TIÊ OURO ou TIÊ PRATA. ,Volume: 700ml,,,,,https://www.araraunacachacaria.com.br/cachaca-tie-ouro-700ml-,12/07/2021 23:42
101,60faf0216b65d1ecae464a2a,Cachaça Encantos da Marquesa Prata Safra 2009 600ml," R$ 39,90 "," A Encantos da Marquesa Prata Safra 2009 tem sabor doce em balanço com o alcoólico e a acidez. A picância leve torna esta cachaça redonda e gentil. A Cachaça Encantos da Marquesa Prata 2009, produzida em Indaiabira (Marquesa é o nome da fazenda). Comprada em 2009 por Eduardo Martins, pesquisador da área ambiental, por duas vezes presidente do Ibama, a propriedade já tinha tradição na fabricação da bebida. Com a compra, foi investido no aprimoramento do processo de fabricação de cachaça com mais qualidade e produzida com o padrão orgânico. É produzida com diversos cuidados que incluem a base orgânica do canavial, o uso da água de chuva para eliminar a presença de metais na destilação, a colheita manual e o uso de transporte por animais, a renovação sistemática do fermento, e ainda, a destilação cuidadosa em alambiques de cobre de pequeno porte. Sensorial Floral no odor, remete a flores apícolas. O sabor confirma a intensidade de doçura, em balanço com o alcoólico e a acidez. A picância leve torna esta cachaça redonda e gentil. Na fazenda Marquesa a cana é colhida manualmente e transportada por animais até o alambique, para evitar que ela se contamine com a fumaça dos veículos motorizados. Para fermentação, empregam leveduras autóctones selecionadas. Com rendimento de 200 mil litros por ano, a dupla também demonstra vanguarda ao trazer conceitos da Escola Varietal, como identificação da safra e reconhecimento da variedade de cana como fundamental para distinguir as características sensoriais da cachaça. ",Volume: 600ml,,,,,https://www.araraunacachacaria.com.br/cachaca-encantos-da-marquesa-prata-safra-2009-600ml,12/07/2021 23:42
102,60faf0216b65d1ecae464a2b,Cachaça Costa Rica Ouro Carvalho 1 litro," R$ 74,90 "," A Cachaça Costa Rica é uma cachaça mineira de alta qualidade, armazenada em tonéis de carvalho, produzida pelo Alambique Guarani. A Costa Rica Ouro Carvalho apresenta equilíbrio perfeito entre o amadeirado e frutado. A marca COSTA RICA faz referência à importante fazenda com o mesmo nome na região de Guarani, próximo à uma região serrana que além do clima agradável, também abriga o seu maior legado que é a pedra do relógio. O formato dos dois picos da serra estão representados na marca, registrando assim a origem das cachaças produzidas. ",,,,,,https://www.araraunacachacaria.com.br/cachacacostaricaourocarvalho-1-litro,12/07/2021 23:42
103,60faf0216b65d1ecae464a2c,Cachaça Bola de Prata 600ml," R$ 39,99 "," A Cachaça Bola de Ouro e a Cachaça Bola de Prata são produzidas em São Sebastião, no agreste alagoano, pela turma do Alambique Gogó da Ema, sob encomenda de Carlos Lira, veterano militante da Cachaça natural da Paraíba e hoje residente na capital federal. A Cachaça Bola de Prata é um blend exclusivo de cachaças em inox e jequitibá, com 40% de teor alcoólico. Origem: São Sebastião/AL Madeira: Jequitibá e Inox Envelhecimento: 1 ano Grad. Alcoólica: 40% Volume: 600ml ",Volume: 600ml,40%,Jequitibá e Inox,São Sebastião/AL,1 ano,https://www.araraunacachacaria.com.br/cachaca-bola-de-prata-600ml,12/07/2021 23:43
104,60faf0226b65d1ecae464a2d,Cachaça Orizona Reserva Select 500ml," R$ 59,99 "," Orizona Reserva Select é uma cachaça amadeirada de extrema qualidade, ideal para comemorar aqueles momentos mais que especiais! Os cuidados desde o plantio até seu envelhecimento por 10 anos em barris de carvalho francês garantem consistência e perfeição em sua coloração, aromas e sabor. Embalagem que encanta convida para um brinde aos belos momentos da vida! Aprecie com responsabilidade! Apresentação 500ml 39% gradação alcoólica ?Origem: Orizona/GO ",Volume: 500ml,,,,,https://www.araraunacachacaria.com.br/cachaca-orizona-reserva-select-500ml-,12/07/2021 23:43
105,60faf0226b65d1ecae464a2e,Cachaça Encantos da Marquesa Prata Safra 2010 600ml," R$ 39,90 "," A Encantos da Marquesa Prata Safra 2010 tem sabor doce em balanço com o alcoólico e a acidez. A picância leve torna esta cachaça redonda e gentil. A Cachaça Encantos da Marquesa Prata 2010, produzida em Indaiabira (Marquesa é o nome da fazenda). Comprada em 2009 por Eduardo Martins, pesquisador da área ambiental, por duas vezes presidente do Ibama, a propriedade já tinha tradição na fabricação da bebida. Com a compra, foi investido no aprimoramento do processo de fabricação de cachaça com mais qualidade e produzida com o padrão orgânico. É produzida com diversos cuidados que incluem a base orgânica do canavial, o uso da água de chuva para eliminar a presença de metais na destilação, a colheita manual e o uso de transporte por animais, a renovação sistemática do fermento, e ainda, a destilação cuidadosa em alambiques de cobre de pequeno porte. Sensorial Floral no odor, remete a flores apícolas. O sabor confirma a intensidade de doçura, em balanço com o alcoólico e a acidez. A picância leve torna esta cachaça redonda e gentil. Na fazenda Marquesa a cana é colhida manualmente e transportada por animais até o alambique, para evitar que ela se contamine com a fumaça dos veículos motorizados. Para fermentação, empregam leveduras autóctones selecionadas. Com rendimento de 200 mil litros por ano, a dupla também demonstra vanguarda ao trazer conceitos da Escola Varietal, como identificação da safra e reconhecimento da variedade de cana como fundamental para distinguir as características sensoriais da cachaça. ",Volume: 600ml,,,,,https://www.araraunacachacaria.com.br/cachaca-encantos-da-marquesa-prata-safra-2010-600ml,12/07/2021 23:43
106,60faf0226b65d1ecae464a2f,Cachaça Boa Luz Ouro 670ml," R$ 59,90 "," A Cachaça Boa Luz é produdiza pela Cachaçaria Jardim das Laranjeiras, localizada na cidade de Laranjeiras/SE. A cachaçaria JDL, começou a produzir no início da década, com carinho e dedicação, tratando e cuidando da matéria-prima até o processo final de fabricação; dando continuidade, fazendo o acompanhamento das gôndolas e prateleiras dos nossos salutares clientes e parceiros. Essa cachaça foi medalha de ouro no concurso mundial de bruxelas edição brasil em 2018 possui graduação alcóolica de 41%. Armazenada em barrís de carvalho por pelo menos três anos esta cachaça entrega um carvalho perfeito, aroma adocicado e levemente aos tons de baunilha. ",Volume: 670ml,,,,,https://www.araraunacachacaria.com.br/cachaca-boa-luz-ouro-670ml,12/07/2021 23:43
107,60faf0226b65d1ecae464a30,Cachaça Dom Tápparo Premium Jequitibá 700ml," R$ 79,00 "," A Cachaça Dom Tápparo Jequitibá 6 Anos Premium Gp 700ml é uma bebida premium, envelhecida por seis anos em barris de jequitibá, madeira tipicamente brasileira. Leve, é um destilado que possui graduação alcoólica de 40%. Por iniciativa do Sr. José Tápparo, que em 1978 resolveu produzir cachaça para o consumo próprio e presentear os amigos. A cachaça fez tanto sucesso que começaram a querer comprá-la. Foi então que José Tapparo viu nessa atividade uma oportunidade de negócio. Com o passar dos anos e a entrada dos filhos Ademílson e Carlos na empresa, o engenho cresceu e passou a produzir vários tipos de cachaças, coquetéis alcoólicos e licores. Hoje a empresa conta com a colaboração da terceira geração da família Tápparo, Bruno, Giovanni e Breno, Marcus, Fernando e Carla Tápparo. A produção da cachaça Dom Tápparo é toda feita na propriedade da família: plantio da cana-de-açúcar, moagem, destilação e envelhecimento. Além da produção toda na propriedade, o envelhecimento é feito em barris de Carvalho Europeu e Americano e outras madeiras como Amburana e Amendoim. ",Volume: 700ml,,,,,https://www.araraunacachacaria.com.br/cachaca-dom-tapparo-premium-jequitiba-500ml-,12/07/2021 23:43
108,60faf0226b65d1ecae464a31,Cachaça Claudionor 670ml," R$ 35,90 "," A Cachaça Claudionor 670ml é uma bebida forte, com aroma de cana-de-açúcar madura, que descansa por dois anos em tonéis de amburana de quase 100 anos. De cor límpida, com um leve tom amarelado, possui graduação alcoólica de 48%. A Cachaça Claudionor é produzida artesanalmente em Januária, norte de Minas Gerais, seguindo a tradição que nasceu em 1925 com o fundador Claudionor Carneiro. A bebida era comercializada em garrafões e dornas para comerciantes e barqueiros que navegavam pelo Rio São Francisco e passavam pela cidade à procura da cachaça Januária de Claudionor. Na terceira geração da família, a dedicação e o cuidado com a história seguem honrando os princípios do criador do destilado. Origem: Brasil Região: Januária, MG Graduação Alcoólica: 48% A Cachaça Claudionor é a pioneira em Januária na produção de cachaça artesanal, levando a cidade a ser conhecida como a ""Terra da Cachaça"". Vendida inicialmente em garrafões, passou a ser rotulada e engarrafada em 1925, com o nome de Januária, pelo Velho Claudionor Carneiro e Dona Joventina. Quem por Januária passava, não deixava de procurar a Cachaça Januária do Claudionor, e assim passou a ser chamada e rotulada como Aguardente Claudionor. ",Volume: 670ml,,,,,https://www.araraunacachacaria.com.br/produto/cachaca-claudionor-670ml.html,12/07/2021 23:43
109,60faf0226b65d1ecae464a32,Cachaça Castelo Branco 600ml," R$ 39,90 "," Considerada a mãe das cachaças de Goiás a Cachaça Castelo Branco é produzida em Campo Alegre de Goiás/GO. Engarrafada em típica garrafa ambar (cerveja) com volume de 600ml, possui 44,5% de graduação alcoólica. ",Volume: 600ml,,,,,https://www.araraunacachacaria.com.br/cachaca-castelo-branco-600ml-2021-03-18-14-59-45,12/07/2021 23:43
110,60faf0226b65d1ecae464a33,Cachaça Marc Carvalho Americano 700ml," R$ 74,90 "," Blend de barris ex-Tennessee Whiskey com barris de Carvalho Americano de 1º uso, Uma Cachaça Premium de Alambique produzida com maestria e com os mais rigorosos padrões de qualidade, prezando pela excelência e complexidade sensorial. Rica, macia, equilibrada, impecável. ",Volume: 700ml,,,,,https://www.araraunacachacaria.com.br/cachaca-marc-carvalho-americano-700ml-2021-03-18-14-58-53,12/07/2021 23:43
