,_id,NOME_DA_CACHAÇA,PREÇO,VOLUME,DESCRIÇÃO_DA_CACHAÇA,GRADUAÇÃO_ALCOÓLICA,RECIPIENTE_DE_ARMAZENAMENTO,LOCAL_DE_PRODUÇÃO,TEMPO_DE_ARMAZENAMENTO,ANÁLISE_SENSORIAL,DATA_COLETA,LINK
0,60fb24d1cfc3afeb90c6e62f,Cachaça Cabare Prata 700 ml,"R$58,24",700ml,"Cachaça Cabare Prata 700 ml
Cachaça Cabaré Prata.é um produto totalmente brasileiro, Armazenada em tonéis de amendoim, esta bebida possui produção artesanal, feita completamente em propriedade familiar, desde o plantio da cana-de-açúcar até sua destilação, ela possui uma cor clara e pouca interferência pelo sabor da madeira.
Produto totalmente brasileiro, ela possui uma cor clara e pouca interferência pelo sabor da madeira, pelo seu sabor suave é ideal para preparar aquela deliciosa caipirinha!
Teor Alcoólico:38%
País: Brasil",38%,,Brasil,,,15/7/2021 - 19:41:0,https://www.bebidaonline.com.br/cachaca-e-aguardente/cachaca-cabare-prata-700-ml
1,60fb24d1cfc3afeb90c6e630,Cachaça D'Gusta Coquinho 750 ml,"R$131,21",750ml,"Cachaça Coquinho 750ml. Excelente sabor tropical, suave, agrada todos os paladares. Graduação alcoólica 20%. Conteúdo 750ml. Cachaça Nacional.",20%,,,,,15/7/2021 - 19:42:11,https://www.bebidaonline.com.br/cachaca-e-aguardente/cachaca-d8-mlgusta-coquinho-750-ml
2,60fb24d1cfc3afeb90c6e631,Cachaça Espirito De Minas 700 ml,"R$154,28",700ml,"Cachaça Espirito De Minas 700 ml
Durante a destilação, a cachaça é separada em três partes: cabeça, coração e cauda. Os primeiros litros da destilação resultam na cabeça, parte impura, que é descartada. Em seguida, o coração, parte nobre da cachaça, onde se concentram os melhores aromas e sabores. Por último, a cauda, um líquido mais fraco, que também é descartado. A Espírito de Minas aproveita apenas a parte mais nobre da destilação, o coração. Mas não basta apenas utilizar o coração, o tamanho do corte é fundamental. Quanto menor o coração, melhor a cachaça.
Inspirada em origens mineiras, desde o nome até a essência, a Cachaça Espírito de Minas é produzida em uma fazenda colonial na pequena cidade de São Tiago. O processo de produção artesanal segue à risca a receita tradicional da cachaça mineira da mais alta qualidade, resgatando a tradição desde o plantio da cana, passando pela fermentação natural, até a destilação em alambique de cobre. Envelhecida em tonéis de jequitibá e carvalho, tem sabor levemente amadeirado.

Cor dourada
Sabor suave
Levemente amadeirado

Saborosa e aromática a Cachaça Espírito de Minas pode ser degustada pura em temperatura ambiente ou gelada e entrar na composição de vário drinques. Vários barmen já desenvolveram coquetéis com essa cachaça que traz no nome a tradição de Minas Gerais na produção de cachaça de qualidade. Tradição essa que é reavivada cada vez que a bebida é servida seja em taças de vidro ou em copos mais rústicos mas sempre na companhia de bons amigos.

Teor Alcoolico: 42%

País: Brasil
Região:São Tiago / MG
Fabricante: Espírito de Minas",42%,,"São Tiago / MG
Brasil",,,15/7/2021 - 19:43:21,https://www.bebidaonline.com.br/cachaca-e-aguardente/cachaca-espirito-de-minas-700-ml
3,60fb24d2cfc3afeb90c6e632,Cachaça Dois Dedos De Minas Prata 700 ml,"R$76,82",700ml,"Cachaça Dois Dedos De Minas Prata 700 ml
As cachaças prata que carregam a qualidade Ceap do Brasil são produzidas em alambiques de cobre, que trazem o verdadeiro sabor da autentica cachaça Mineira. São armazenadas em tonéis de Jequitibá Rosa, que não alteram o sabor original da cachaça.
A cachaça Dois Dedos de Minas é produzida de maneira artesanal, com muito carinho desde o cultivo da cana, na sua moagem e fermentação natural.No processo de alambicagem retiramos a cabeça e a cauda, separando somente o coração da cachaça. 
Prata: Descansanda por vários meses em tonéis de Jequitibá Rosa, ela mantém sua cor e sabor, acentuando ainda mais o seu aroma e maciez.
Teor Alcoólico:40%

País:Brasil
Região:Piranguçu / MG",40%,,"Piranguçu / MG
Brasil",,,15/7/2021 - 19:44:32,https://www.bebidaonline.com.br/cachaca-e-aguardente/cachaca-dois-dedos-de-minas-prata-700-ml
4,60fb24d2cfc3afeb90c6e633,Cachaça Salinas 700 ml,"R$85,45",700ml,"Cachaça Salinas  700ml
Cachaca Salinas  Tipo exportação, vidro transparente, tampa de rosca. . Garrafa 700 ml.
A Cachaça Salinas é uma das cachaças artesanais mineiras mais requisitadas no Brasil e no exterior. Toda adega que se preze tem que ter a cachaça Salinas.

A cachaça Salinas é envelhecida em dornas de Bálsamo por 2 anos e meio, sendo uma cachaça suave, que agrada ao paladar mais exigente.

A cachaça Salinas ganhou todos os títulos disputados por sua qualidade incontestável, tornando-se uma das marcas líder de mercado.




Graduação Alcoólica: 42%
Origem: Salinas / MG
 Volume: 700ml",42%,,Salinas / MG,,,15/7/2021 - 19:45:43,https://www.bebidaonline.com.br/cachaca-e-aguardente/cachaca-salinas-700-ml
5,60fb24d2cfc3afeb90c6e634,Cachaça Cabare Fire Coquetel Canela 1000 ml,"R$67,38",1000ml,"Cachaça Cabare Fire Coquetel Canela 1000 ml
 A cachaça Cabaré Fire é produzida pelo Engenho Dom Tapparo em Mirassol / SP e é o mais novo lançamento da empresa, é um excelente coquetel de canela, feito a base de cachaça.
Com as propriedades picantes da canela e a personalidade da cachaça Dom Tápparo, o coquetel mostra um equilíbrio bastante interessante de sabor ao destacar a força e picância da canela e, ao mesmo tempo, deixar a cachaça brilhar sem se sobrepor.
Produto totalmente brasileiro, ela possui uma coloração característica e, pelo seu sabor, é ideal para preparar de drinks ou o consumo puro!
Teor alcoólico: 28,5%

País: Brasil","28,5%",,Brasil,,"paladar:  ao destacar a força e picância da canela e, ao mesmo tempo, deixar a cachaça brilhar sem se sobrepor.
",15/7/2021 - 19:46:54,https://www.bebidaonline.com.br/cachaca-e-aguardente/cachaca-cabare-fire-coquetel-canela-1000-ml
6,60fb24d2cfc3afeb90c6e635,Cachaça Nobre Minas Rapadura/Maracuja 670 ml,"R$80,73",670ml,"Cachaça Nobre Minas Rapadura/Maracuja 670 ml
Direto de Senador José Bento, aos pés da Serra da Mantiqueira, a Cachaça Nobre Minas tem uma coleção de rótulos de bebidas com frutas para os apreciadores dessa bebida e também para fazer parte das coleções.

Da união entre a cachaça com a rapadura e o maracujá surgiu uma bebida diferente e notas da pura fruta. Com baixo teor alcoólico e identidade própria e inconfundível.
Não é envelhecida em nenhuma madeira. Se consumida gelada acentua ainda mais o sabor.

A Nobre Minas Rapadura e Maracujá com Cachaça traz a fruta da tropical brasileira, também conhecida como a fruta da tranquilidade para seu happy hour. Produzida com cachaça prata descansada e adoçada com rapadura, a Nobre Minas Rapadura e Maracujá com Cachaça tem o seu sabor diferencial por possuir como componente de seus ingredientes, a fruta in natura.

Teor alcoólico: 15%

País:Brasil
Região:Senador José Bento /MG",15%,Envelhecida em nenhuma madeira.,"Senador José Bento /MG
Brasil",,,15/7/2021 - 19:48:5,https://www.bebidaonline.com.br/cachaca-e-aguardente/cachaca-nobre-minas-rapadura-maracuja-670-ml
7,60fb24d2cfc3afeb90c6e636,Cachaça 51 Reserva Rara Extra Premium 700 ml,"R$261,14",700ml,"Reserva 51 Rara tem um paladar rico e suave. Envelhecidas em barris de carvalho americano e finalizada em barris de vinhos selecionados, proporcionando uma experiência sensorial Rara.
Suas notas aromáticas intensas remetem ao frutado, floral e baunilha.Os segredos ocultos do envelhecimento realizados em duas etapas liberam um rico sabor amadeirado, frutado e adocicado antes do acabamento aveludado, prolongado e equilibrado.
A dedicação e empenho em obter uma cachaça com propriedades raras e exclusivas faz com que a Reserva 51 Rara tenha sua tiragem limitada, preservado em cada amostra consistência e perfeição em sua coloração, aromas e paladar.
A linha reserva 51 nasceu da paixão e dedicação de anos de estudos e trabalho em obter cachaças tão raras, únicas e singulares como Você.
 
100% Envelhecida em barris de carvalho e finalizadas em barris de vinho
Produto: Brasil
Teor Alcoólico: 40% Vol.
Volume: 700 ml",40%,,,,,15/7/2021 - 19:49:16,https://www.bebidaonline.com.br/cachaca-e-aguardente/cachaca-51-reserva-rara-extra-premium-700-ml
8,60fb24d2cfc3afeb90c6e637,Cachaça Gatinha Blend Madeiras 600 ml,"R$62,60",600ml,Cachaca Gatinha Blend Madeiras 600Ml,,,,,,15/7/2021 - 19:50:27,https://www.bebidaonline.com.br/cachaca-e-aguardente/cachaca-gatinha-blend-madeiras-600-ml
9,60fb24d2cfc3afeb90c6e638,Cachaça Boazinha 600 ml,"R$66,51",600ml,"Cachaça Boazinha 600ml
A cachaça Boazinha é uma das marcas artesanais mineiras mais vendidas, da tradicional cidade de Salinas - MG. Tenha sempre a cachaça Boazinha em sua adega.",,,,,,15/7/2021 - 19:51:38,https://www.bebidaonline.com.br/cachaca-e-aguardente/cachaca-boazinha-600-ml
10,60fb24d2cfc3afeb90c6e639,Cachaça Companheira Imburana 670 ml,"R$110,76",670ml,Cachaça Companheira Imburana 670ml,,,,,,15/7/2021 - 19:52:49,https://www.bebidaonline.com.br/cachaca-e-aguardente/cachaca-companheira-imburana-670-ml
11,60fb24d2cfc3afeb90c6e63a,Cachaça Companheira Prata 48% 600 ml,"R$46,65",600ml,"Cachaça Companheira Prata 48% 600 ml
Uma Cachaça Prata com graduação alcoólica de 48% volume, sem contato com madeira, 100% pura, com sabor suave da cana e aroma delicado, própria para paladares exigentes que apreciam uma ótima cachaça com a graduação alcoólica acima da média!.

Apenas o coração da Cachaça Prata que você já conhece, com uma graduação no limite do Brasil! A cachaça Companheira é produzida com cana selecionada, com alto teor de açúcar, com colheita feita de forma manual, sem queima, e somente no período do inverno.

A partir do caldo da cana é preparado o mosto, que é fermentado por leveduras autóctones. A destilação é feita num destilador projetado pelo próprio Bonicontro.

Teor Alcóolico:48%

País:Brasil
Região: Jandaia do Sul -Pr",48%,,"Jandaia do Sul -Pr
Brasil",,,15/7/2021 - 19:54:0,https://www.bebidaonline.com.br/cachaca-e-aguardente/cachaca-companheira-prata-48-600-ml
12,60fb24d3cfc3afeb90c6e63b,Cachaça Boa Prosa Porcelana Ouro 700 ml,"R$190,51",700ml,"Cachaça Boa Prosa Porcelana Ouro 700 ml
Boa Prosa é uma cachaça com graduação alcoólica baixa envelhecida na madeira amendoim.
Teor Alcoolico:39%

País:Brasil
Região:Carmo de Minas / MG",39%,,"Carmo de Minas / MG
Brasil",,,15/7/2021 - 19:55:11,https://www.bebidaonline.com.br/cachaca-e-aguardente/cachaca-boa-prosa-porcelana-ouro-700-ml
13,60fb24d3cfc3afeb90c6e63c,Cachaça Salinas Umburana 700 ml,"R$80,43",700ml,"Cachaça Salinas Umburana 700 ml
Com mais de 20 anos de tradição o Grupo Salinas é lider em vendas e referência no setor, contando com a maior e mais moderna fábrica de Cachaça Artesanal do Brasil. A cachaça Salinas em Umburana possui 2 anos de Envelhecimento tornando - se uma exelente cachaça pra quem realmente gosta e conhece de Cachaça.
Cachaça Salinas Umburana 700ml, envelhecida 2 anos em tornéis de Umburana, possui coloração dourada, sabor e aromas suaves. Aroma: Elegante e persistente. Notas discretas adocicadas de Canela e Baunilha.Sensação aveludada e licorosa na boca. Retrogosto agradável e moderado. 

Notas de Prova:
Umburana, possui coloração dourada, sabor e aroma suaves. Aroma: Elegante e persistente, com notas especiadas de canela. Sabor: Notas discretas adocicadas de canela e baunilha

Cor: Amarelo-ouro-clara, límpida e brilhante.
Aroma: Elegante e persistente, com notas especiadas de canela.
Sabor: Notas discretas adocicadas de canela e baunilha.
Harmonização: Sobremesas, salada de frutas e sorvetes, especialmente com o tradicional bolo de rolo.

Teor Alcoólico: 42%

País: Brasil
Região:Salinas/MG",42%,,"Salinas/MG
Brasil",,"paladar: notas discretas adocicadas de canela e baunilha
aparência: amarelo-ouro-clara, límpida e brilhante.
olfato: elegante e persistente. notas discretas adocicadas de canela e baunilha.sensação aveludada e licorosa na boca. retrogosto agradável e moderado. 
harmonização: sobremesas, salada de frutas e sorvetes, especialmente com o tradicional bolo de rolo.
",15/7/2021 - 19:56:21,https://www.bebidaonline.com.br/cachaca-e-aguardente/cachaca-salinas-umburana-700-ml
14,60fb24d3cfc3afeb90c6e63d,Cachaça Salinas Cristalina 1000 ml,"R$81,47",1000ml,"Cachaca Salinas Cristalina 1000 ml.
A Cachaça Salinas é uma cachaça artesanal mineira.
A Salinas é uma das cachaças mais requisitadas no Brasil e no exterior
A Salinas não é armezanada em tonéis de madeira e possui sabor e aroma característicos da cana. 
Graduação Alcoolica: 40%vol.
Origem: Salinas/MG
País do Fabricante Brasil
Teor Alcoólico 40%",40%,,Salinas/MG,,,15/7/2021 - 19:57:32,https://www.bebidaonline.com.br/cachaca-e-aguardente/cachaca-salinas-cristalina-1000-ml
15,60fb24d3cfc3afeb90c6e63e,Cachaça Seleta 600 ml,"R$66,90",600ml,"Cachaça Seleta 600ml
Cachaça Seleta é produzida na capital mundial da Cachaça  Salinas / MG descansa em toneis de Umburana por 2,5 anos até ser envasada nas garrafas

A cachaça é uma das mais belas expressões da cultura do nosso país. A Seleta, maior produtora de cachaça artesanal do Brasil, se inspira na alegria, tradição e diversidade dos brasileiros, para produzir uma bebida que seja a imagem do bom gosto e exigência do nosso povo.

A cachaça artesanal mais vendida do país. Feita a partir de canas rigorosamente selecionadas é armazenadas em tonéis de Umburana — planta conhecida por suas características curativas e digestivas. A Seleta tem sabor suave e delicioso.

Aparência:Levemente dourada, límpida e brilhante.
Aroma:Possui aromas intensos: amadeirados, frutados, adocicados, com notas de baunilha.
Sabor:Seu sabor é levemente adocicado com notas finais de baunilha, amêndoas e canela.
Harmonização:A cachaça é uma bebida famosa por combinar bem com diversos pratos e opções gastronômicas. O que quase ninguém sabe é que não é só com pratos salgados que a Seleta cai bem. Por ser armazenada em tonéis de amburana, ela possui notas de canela que combinam perfeitamente com saladas de frutas, sorvetes, doces e sobremesas.

Como Servir
Além de poder ser servida pura e na tradicional caipirinha, pode ser usada para criar drinks, batidas e outras misturas. Na culinária também tem surgido combinações interessantes com a Seleta. O importante é dar asas à criatividade!

Teor Alcoolico: 42%

País: Brasil
Região:Salinas / MG
Fabricante: Seleta",42%,Envelhecida em tonéis de umburana — planta conhecida por suas características curativas e digestivas.,"Salinas / MG
Brasil",,"paladar: seu sabor é levemente adocicado com notas finais de baunilha, amêndoas e canela.
aparência: levemente dourada, límpida e brilhante.
olfato: possui aromas intensos:amadeirados, frutados, adocicados, com notas de baunilha.
harmonização: a cachaça é uma bebida famosa por combinar bem com diversos pratos e opções gastronômicas. o que quase ninguém sabe é que não é só com pratos salgados que a seleta cai bem. por ser armazenada em tonéis de amburana, ela possui notas de canela que combinam perfeitamente com saladas de frutas, sorvetes, doces e sobremesas.
",15/7/2021 - 19:59:54,https://www.bebidaonline.com.br/cachaca-e-aguardente/cachaca-seleta-600-ml
16,60fb24d3cfc3afeb90c6e63f,Cachaça Companheira Envelhecida 670 ml,"R$140,62",670ml,"Cachaça Companheira Envelhecida 670ml
 
A cachaça Companheira Envelhecida é produzida de forma artesanal no norte do Paraná, na cidade de Jandaia do Sul. Envelhecida em toneis de Carvalho o que lhe confere um paladar suave e extremamente agradavel. Graduação Alcoólica: 40% vol. 
 
 Uma cachaça equilibrada onde o aroma e sabor do carvalho combinam com o da cana.




Origem: Jandaia do Sul / PR
 
 Madeira: Carvalho
 
 Envelhecimento: 4 anos
 
 Graduação Alcoólica: 40%",40%,"Envelhecida em toneis de carvalho o que lhe confere um paladar suave e extremamente agradavel. graduação alcoólica: 40% vol.
Armazenada em madeira de carvalho",Jandaia do Sul / PR,Envelhecida por 4 anos,,15/7/2021 - 20:2:16,https://www.bebidaonline.com.br/cachaca-e-aguardente/cachaca-companheira-envelhecida-670-ml
17,60fb24d3cfc3afeb90c6e640,Cachaça Cabare Extra Premium 15 Anos 700 ml,"R$598,84",700ml,"Cachaça Cabare Extra Premium 15 Anos 700 ml
Cachaça Cabaré Extra Premium. Bebida inspirada no que há de melhor na vida boêmia, ela possui tudo o que existe de mais diferente em sabor e qualidade.
São 15 anos de envelhecimentos em barris importados de carvalho, o que lhe confere um sabor especial. Muitos são os bebedores de whisky que passaram a tomar esse estilo de cachaça apenas. Uma bebida suave, com leve sabor da madeira, um gosto singular e viciante.

Cachaça Cabaré possui um sabor delicado e singular. Perfeita para todos os tipos de gosto.


Teor Alcoólico: 38%
País Brasil",38%,"Envelhecida em barris importados de carvalho, o que lhe confere um sabor especial. muitos são os bebedores de whisky que passaram a tomar esse estilo de cachaça apenas.",,,,15/7/2021 - 20:3:26,https://www.bebidaonline.com.br/cachaca-e-aguardente/cachaca-cabare-extra-premium-15-anos-700-ml
18,60fb24d3cfc3afeb90c6e641,Cachaça Dgusta Canelinha 750 ml,"R$128,33",750ml,"CACHAÇA DGUSTA CANELINHA 750 ml
Sabor doce, uma bebida com o paladar diferenciado e marcante. Produto destinado ao público moderno. Mais sabor e menos álcool.
Graduação alcoólica 20%
Pais: Brasil
Estado: São Paulo
Produtor: Cachacaria D’Gusta",20%,,"São Paulo
Brasil",,,15/7/2021 - 20:4:37,https://www.bebidaonline.com.br/cachaca-e-aguardente/cachaca-dgusta-canelinha-750-ml
19,60fb24d3cfc3afeb90c6e642,Cachaça Orgulho Mineiro 670 ml,"R$127,91",670ml,"Cachaça Orgulho Mineiro 670 ml
Cachaça artesanal ouro. Envelhecida em tonéis de Carvalho. Garrafa empalhada com 01 copo dose.

A cachaça Orgulho Mineiro é produzida na cidade de Borda da Mata Minas Gerais, onde é envelhecida em tonéis de Carvalho, e engarrafada em vidro com tampa de rosca.
Cachaça 100% natural. Destilado artesanalmente em alambique de cobre. Envelhecida em Tonéis de Madeira Nobre (carvalho). Respeitando a mais pura Tradição Mineira.

O Carvalho é uma das madeiras mais usadas no mundo e indicada para diversos tipo de destilados, como o whisky, run, conhaque e outros. Esta madeira promove a oxidação ideal das bebidas contidas em seu interior. Além disso, um pouco da resina do malte impregnado na madeira e dos taninos são absorvidos pela cachaça durante o envelhecimento, o que lhe dá a cor dourada e o sabor amaciado, engrandecendo a cachaça ao paladar dos mais fiéis apreciadores

Teor Álcoolico: 40% vol

País: Brasil
Região: Borda da Mata- MG",40%,Envelhecida em tonéis de carvalho.,"Borda da Mata- MG
Brasil",,,15/7/2021 - 20:5:49,https://www.bebidaonline.com.br/cachaca-e-aguardente/cachaca-orgulho-mineiro-670-ml
20,60fb24d3cfc3afeb90c6e643,Cachaça Salinas Balsamo 600 ml,"R$65,28",600ml,CACHAÇA SALINAS BALSAMO 600ML,,,,,,15/7/2021 - 20:7:0,https://www.bebidaonline.com.br/cachaca-e-aguardente/cachaca-salinas-balsamo-600-ml
21,60fb24d4cfc3afeb90c6e644,Cachaça Nobre Minas Jabuticaba 670 ml,"R$80,73",670ml,"Cachaça Nobre Minas Jabuticaba 670 ml
Na cidade de Senador José Bento, Sul de Minas Gerais, surgiu o casamento da cana com a jabuticaba, dando origem a uma bebida alcoólica mista de Cachaça com Jabuticaba, de baixo teor alcoólico e que agrada a todos que experimentam.

Com aroma inconfundível, ela não é envelhecida em nenhuma madeira.


A Nobre Minas Cachaça com Rapadura e Jabuticaba traz a fruta de origem Amazônica e de nome tupi “frutas em botão”. Muito saborosa e de cor vibrante, frequentemente consumida inteira. Produzida com cachaça prata descansada e adoçada com rapadura, a Nobre Minas Rapadura e Jabuticaba com Cachaça tem o seu sabor diferencial por possuir como componente de seus ingredientes, a fruta in natura.
Se consumida gelada acentua ainda mais o sabor.

Teor alcoólico: 15%

País:Brasil
Região:Senador José Bento /MG",15%,,"Senador José Bento /MG
Brasil",,"aparência: vibrante, frequentemente consumida inteira. produzida com cachaça prata descansada e adoçada com rapadura, a nobre minas rapadura e jabuticaba com cachaça tem o seu sabor diferencial por possuir como componente de seus ingredientes, a fruta in natura.
",15/7/2021 - 20:8:11,https://www.bebidaonline.com.br/cachaca-e-aguardente/cachaca-nobre-minas-jabuticaba-670-ml
22,60fb24d4cfc3afeb90c6e645,Cachaça Salinas Umburana 600 ml,"R$67,01",600ml,"CACHAÇA SALINAS UMBURANA 600ML
A cachaça repousada em tonéis de Umburana, assim, perdendo sua acidez, ganhando uma coloração amarelada, perfume amadeirado e sabor adocicado.
Pode  ser provada pura ou em drinks delicados.
Teor Alcoolico: 42%",42%,,,,,15/7/2021 - 20:9:22,https://www.bebidaonline.com.br/cachaca-e-aguardente/cachaca-salinas-umburana-600-ml
23,60fb24d4cfc3afeb90c6e646,Cachaça Nobre Minas Rapadura/Morango 670 ml,"R$80,73",670ml,"Cachaça Nobre Minas Rapadura/Morango 670 ml
Diretamente da cidade de Senador José Bento, Sul de Minas Gerais, a Cachaça Nobre Minas com Rapadura com Morango vai aguçar o seu paladar.

Com baixo teor alcoólico e identidade própria e inconfundível.
Não é envelhecida em nenhuma madeira. Se consumida gelada acentua ainda mais o sabor.

A Nobre Minas Rapadura e Morango com Cachaça traz a sensualidade do morango para suas festas. E para seus encontros românticos, a fruta do amor traz seu toque delicado e adocicado. Produzida com cachaça prata descansada e adoçada com rapadura, a Nobre Minas Rapadura e Morango com Cachaça tem o seu sabor diferencial por possuir como componente de seus ingredientes, a fruta in natura. 

Teor alcoólico: 15%

País:Brasil
Região:Senador José Bento /MG",15%,Envelhecida em nenhuma madeira.,"Senador José Bento /MG
Brasil",,,15/7/2021 - 20:10:32,https://www.bebidaonline.com.br/cachaca-e-aguardente/cachaca-nobre-minas-rapadura-morango-670-ml
24,60fb24d4cfc3afeb90c6e647,Cachaça 51 Reserva Singular Extra Premium 700 ml,"R$260,43",700ml,"Reserva 51 Singular, Apresenta Paladar complexo e marcante.Envelhecida em barris selecionados do tradicional carvalho americano e da madeira brasileira Amburana.",,,,,,15/7/2021 - 20:11:43,https://www.bebidaonline.com.br/cachaca-e-aguardente/cachaca-51-reserva-singular-extra-premium-700-ml
25,60fb24d4cfc3afeb90c6e648,Cachaça Seleta Porcelana 670 ml,"R$197,14",670ml,"CACHAÇA SELETA PORCELANA 670 ML
Cachaça Seleta Porcelana é produzida na capital mundial da Cachaça  Salinas / MG descansa em toneis de Umburana por 2,5 anos até ser envasada nas garrafas

A cachaça é uma das mais belas expressões da cultura do nosso país. A Seleta, maior produtora de cachaça artesanal do Brasil, se inspira na alegria, tradição e diversidade dos brasileiros, para produzir uma bebida que seja a imagem do bom gosto e exigência do nosso povo.

A cachaça artesanal mais vendida do país. Feita a partir de canas rigorosamente selecionadas é armazenadas em tonéis de Umburana — planta conhecida por suas características curativas e digestivas. A Seleta tem sabor suave e delicioso.

Aparência:Levemente dourada, límpida e brilhante.
Aroma:Possui aromas intensos: amadeirados, frutados, adocicados, com notas de baunilha.
Sabor:Seu sabor é levemente adocicado com notas finais de baunilha, amêndoas e canela.
Harmonização:A cachaça é uma bebida famosa por combinar bem com diversos pratos e opções gastronômicas. O que quase ninguém sabe é que não é só com pratos salgados que a Seleta cai bem. Por ser armazenada em tonéis de amburana, ela possui notas de canela que combinam perfeitamente com saladas de frutas, sorvetes, doces e sobremesas.

Como Servir
Além de poder ser servida pura e na tradicional caipirinha, pode ser usada para criar drinks, batidas e outras misturas. Na culinária também tem surgido combinações interessantes com a Seleta. O importante é dar asas à criatividade!

Teor Alcoolico: 42%

País: Brasil
Região:Salinas / MG
Fabricante: Seleta",42%,Envelhecida em tonéis de umburana — planta conhecida por suas características curativas e digestivas.,"Salinas / MG
Brasil",,"paladar: seu sabor é levemente adocicado com notas finais de baunilha, amêndoas e canela.
aparência: levemente dourada, límpida e brilhante.
olfato: possui aromas intensos:amadeirados, frutados, adocicados, com notas de baunilha.
harmonização: a cachaça é uma bebida famosa por combinar bem com diversos pratos e opções gastronômicas. o que quase ninguém sabe é que não é só com pratos salgados que a seleta cai bem. por ser armazenada em tonéis de amburana, ela possui notas de canela que combinam perfeitamente com saladas de frutas, sorvetes, doces e sobremesas.
",15/7/2021 - 20:12:54,https://www.bebidaonline.com.br/cachaca-e-aguardente/cachaca-seleta-porcelana-670-ml
26,60fb24d4cfc3afeb90c6e649,Cachaça D'Gusta Bananinha 750 ml,"R$131,30",750ml,Cachaça Bananinha 750 ml. Sabor suave e doce com aroma exclusivo. Produto destinado ao público moderno. Mais sabor e menos álcool. Graduação alcoólica 20%.,20%,,,,,15/7/2021 - 20:14:5,https://www.bebidaonline.com.br/cachaca-e-aguardente/cachaca-d8-mlgusta-bananinha-750-ml
27,60fb24d4cfc3afeb90c6e64a,Cachaça Espirito de Minas Arte Bra Ouro 750 ml,"R$163,53",750ml,"Cachaça Espirito de Minas Arte Bra Ouro 750 ml
Durante a destilação, a cachaça é separada em três partes: cabeça, coração e cauda. Os primeiros litros da destilação resultam na cabeça, parte impura, que é descartada. Em seguida, o coração, parte nobre da cachaça, onde se concentram os melhores aromas e sabores. Por último, a cauda, um líquido mais fraco, que também é descartado. A Espírito de Minas aproveita apenas a parte mais nobre da destilação, o coração. Mas não basta apenas utilizar o coração, o tamanho do corte é fundamental. Quanto menor o coração, melhor a cachaça.

Versão da tradicional cachaça Espírito de Minas envelhecida em barris de carvalho selecionados. uma cachaça típica mineira de alta qualidade, com personalidade e presença marcante do carvalho, madeira utilizada para o envelhecimento dos melhores destilados do mundo.

A Cachaça Espírito de Minas Ouro traz rótulos ilustrados por cinco grandes artistas brasileiros que fizeram releituras da embalagem tradicional, onde se encontra a imagem icônica da igreja de São Francisco de Assis, localizada em Ouro Preto (MG).Na foto, rótulo assinado por Cláudio Tozzi.

    Cor âmbar
    Sabor macio e amadeirado
    Presença marcante do carvalho

Saborosa e aromática a Cachaça Espírito de Minas pode ser degustada pura em temperatura ambiente ou gelada e entrar na composição de vário drinques. Vários barmen já desenvolveram coquetéis com essa cachaça que traz no nome a tradição de Minas Gerais na produção de cachaça de qualidade. Tradição essa que é reavivada cada vez que a bebida é servida seja em taças de vidro ou em copos mais rústicos mas sempre na companhia de bons amigos.

Teor Alcoolico: 40%

País: Brasil
Região:São Tiago / MG
Fabricante: Espírito de Minas",40%,Envelhecida em barris de carvalho selecionados.,"São Tiago / MG
Brasil",,,15/7/2021 - 20:15:16,https://www.bebidaonline.com.br/cachaca-e-aguardente/cachaca-espirito-de-minas-arte-bra-ouro-750-ml
28,60fb24d4cfc3afeb90c6e64b,Cachaça Lua Nova 600 ml,"R$52,33",600ml,"Cachaça Lua Nova Garrafa Característica: Conhecida mundialmente, a Cachaça Salinas é uma das cachaças mais requisitadas no Brasil e no exterior. É envelhecida em dornas de Bálsamo por 2 anos e meio, sendo uma cachaça suave, que agrada ao paladar mais exigente. Produzida na cidade de Salinas MG na Fazenda Canadá - Matrona. Grad. Alcool.: 45 % vol. Conteúdo : 600 ml . Garrafa 600 ml.",45%,"Envelhecida em dornas de bálsamo por 2 anos e meio, sendo uma cachaça suave, que agrada ao paladar mais exigente. produzida na cidade de salinas mg na fazenda canadá - matrona. grad. alcool.: 45 % vol. conteúdo : 600 ml .",,,,15/7/2021 - 20:16:27,https://www.bebidaonline.com.br/cachaca-e-aguardente/cachaca-lua-nova-garrafa-600-ml
29,60fb24d4cfc3afeb90c6e64c,Cachaça Dois Dedos De Minas Ouro 700 ml,"R$76,82",700ml,"Cachaça Dois Dedos De Minas Ouro 700 ml
As cachaças ouro que carregam a qualidade Ceap do Brasil são produzidas em alambiques de cobre, que trazem o verdadeiro sabor da autentica cachaça Mineira. São armazenadas em tonéis de carvalho por no mínimo dois anos e padronizadas preservando a essência de cada marca, deixando-as robustas e saborosas.

A cachaça Dois Dedos de Minas é produzida de maneira artesanal, com muito carinho desde o cultivo da cana, na sua moagem e fermentação natural.No processo de alambicagem retiramos a cabeça e a cauda, separando somente o coração da cachaça.

Ouro: Descansada por 2 anos em tonéis de Carvalho, ela fica amarelinha e macia. Com esse processo, ganha identidade própria com sabor inconfundível da madeira.

Teor Alcoólico:40%

País:Brasil
Região:Piranguçu / MG",40%,,"Piranguçu / MG
Brasil",Envelhecida por 2 anos,,15/7/2021 - 20:17:38,https://www.bebidaonline.com.br/cachaca-e-aguardente/cachaca-dois-dedos-de-minas-ouro-700-ml
30,60fb24d5cfc3afeb90c6e64d,Cachaça Saliboa 600 ml,"R$63,36",600ml,"Cachaça Saliboa 600 Característica: Cachaça Saliboa Salinas. Cachaça mineira elaborada a partir de caldo de cana-de-açúcar. Produzida nas Fazendas Olaria e Sobrado, em Salinas, norte de Minas Gerais. Graduação alcoólica 45,5% Vol. Conteúdo 600ml. . Garrafa 600 ml.","45,5%",,,,,15/7/2021 - 20:18:49,https://www.bebidaonline.com.br/cachaca-e-aguardente/cachaca-saliboa-600-ml
31,60fb24d5cfc3afeb90c6e64e,Cachaça Salinissima 600 ml,"R$49,39",600ml,"Cachaça Salinissima 600 ml
Saliníssima valoriza a cultura cachaceira e é uma das tradicionais e autênticas cachaças da região de Salinas. A cachaça é uma alternativa aos paladares que buscam simplicidade, rusticidade e tradição em equilíbrio com a vida moderna e com as melhores coisas da vida.
Saliníssima tem processo de elaboração artesanal e é envelhecida em barris de Bálsamo, madeira brasileira, tradicionalmente utilizada para o envelhecimento das melhores cachaças da região, que conferem características únicas à bebida. A cachaça Saliníssima é uma alternativa aos paladares que buscam simplicidade, rusticidade e tradição em equilíbrio com a vida moderna e com as melhores coisas da vida.
A cor amarelada e o corpo vigoroso, refletem o cuidado em cultivar as práticas originais de produção das cachaças artesanais mineiras.
Visual:amarelada
Olfato:Aroma suave.
Paladar:Saborosa e aveludada.


Teor alcoólico:42%

País:Brasil
Região:Salinas - MG",42%,"Envelhecida em barris de bálsamo, madeira brasileira, tradicionalmente utilizada para o envelhecimento das melhores cachaças da região, que conferem características únicas à bebida.","Salinas - MG
Brasil",,"paladar: saborosa e aveludada.
",15/7/2021 - 20:20:0,https://www.bebidaonline.com.br/cachaca-e-aguardente/cachaca-salinissima-600-ml
32,60fb24d5cfc3afeb90c6e64f,Cachaça Nobre Minas Rapadura/Coco 670 ml,"R$80,73",670ml,"Cachaça Nobre Minas Rapadura/Coco 670 ml
A Cachaça de Rapadura com Coco da Nobre Minas é bem diferente, aromática e refrescante.

Com notas da pura fruta e baixo teor alcoólico, vai aguçar seu paladar e fica ainda mais gostosa quando consumida gelada.
Não é envelhecida em nenhuma madeira. 
Nobre Minas Rapadura e Coco Com Cachaça agradará aos que buscam uma bebida pouco alcoólica, bem suave, um coquinho. Fica ainda mais suave e gostaosa quando servida gelada.

A Nobre Minas Rapadura e Coco com Cachaça traz essa deliciosa fruta que possui a característica única de nos fornecer água e alimento agora também para seu happy hour. Produzida com cachaça prata descansada e adoçada com rapadura, a Nobre Minas Rapadura e Coco com Cachaça tem o seu sabor diferencial por possuir como componente de seus ingredientes, a fruta in natura

Teor alcoólico: 15%

País:Brasil
Região:Senador José Bento /MG",15%,Envelhecida em nenhuma madeira.,"Senador José Bento /MG
Brasil",,,15/7/2021 - 20:21:11,https://www.bebidaonline.com.br/cachaca-e-aguardente/cachaca-nobre-minas-rapadura-coco-670-ml
33,60fb24d5cfc3afeb90c6e650,Cachaça Boazinha 1000 ml,"R$86,87",1000ml,"CACHAÇA BOAZINHA 1000ML
Cachaça Boazinha 1000ml Seu nome provém do hábito de os seus consumidores sempre pedirem “aquela boazinha”, no tempo que ainda era vendida a granel. Os tonéis de envelhecimento de bálsamo conferem à Boazinha uma grande suavidade. As cachaças envelhecidas em barris de bálsamo são conhecidas pelo seu sabor suave e aroma intenso de ervas. A cachaça Boazinha, armazenada por 4 anos nessa madeira, reúne o melhor dessas qualidades, que agradam o paladar e o olfato. A Boazinha, com seu sabor suave e levemente adstringente.
Teor Alcoolico: 42%
Madeira: Bálsamo
Tipo: Ouro",42%,"Envelhecida em barris de bálsamo são conhecidas pelo seu sabor suave e aroma intenso de ervas. a cachaça boazinha, armazenada por 4 anos nessa madeira, reúne o melhor dessas qualidades, que agradam o paladar e o olfato.
Armazenada em madeira de bálsamo",,,,15/7/2021 - 20:23:33,https://www.bebidaonline.com.br/cachaca-e-aguardente/cachaca-boazinha-1000-ml
34,60fb24d5cfc3afeb90c6e651,Cachaça Companheira Extra Premium Carvalho 670 ml,"R$495,76",670ml,Cachaça Companheira Extra Premium Carvalho 670ml,,,,,,15/7/2021 - 20:24:45,https://www.bebidaonline.com.br/cachaca-e-aguardente/cachaca-companheira-extra-premium-carvalho-670-ml
35,60fb24d5cfc3afeb90c6e652,Cachaça Boa Prosa Ouro 700 ml,"R$82,64",700ml,"Cachaça Boa Prosa Ouro 700 ml
Envelhecida por 2 anos em tonéis de Amburana, uma típica madeira brasileira que proporciona um sabor marcante incrível, conferindo a bebida traços levemente amadeirados e um pouco adocicados.
Teor Alcoolico:40%

País:Brasil
Região:Carmo de Minas / MG",40%,,"Carmo de Minas / MG
Brasil",,,15/7/2021 - 20:25:55,https://www.bebidaonline.com.br/cachaca-e-aguardente/cachaca-boa-prosa-ouro-700-ml
36,60fb24d5cfc3afeb90c6e653,Cachaça Paje Jambu 700 ml,"R$123,86",700ml,"Cachaça Paje Jambu 700 ml
A Cachaça de Jambu com Rapadura é super premium e vai surpreender seu paladar!

O Jambu é também conhecido como Agrião da Amazônia e possui características excêntricas. A principal delas é a dormência e formigamento na boca quando ingerida. É também uma bebida super afrodisíaca.

A Cachaça de Jambu com Rapadura Pajé Jambu conta a história da Amazônia, mas alia a doçura de Minas. Um sabor tipicamente brasileiro, produzido na cidade de Senador José Bento, sul de Minas




Uma deliciosa Cachaça Mineira de sabor inesquecível, a rapadura traz um docinho perfeito combinado com o Jambu
Teor Alcoólico: 28%

País:Brsil
Região:Senador José Bento/MG",28%,,"Senador José Bento/MG
Brsil",,"paladar:  inesquecível, a rapadura traz um docinho perfeito combinado com o jambu
",15/7/2021 - 20:27:6,https://www.bebidaonline.com.br/cachaca-e-aguardente/cachaca-paje-jambu-700-ml
37,60fb24d5cfc3afeb90c6e654,Cachaça Nobre Minas Ouro 670 ml,"R$82,64",670ml,"Cachaça Nobre Minas Ouro 670 ml
 Cachaças Nobre Minas Ouro são produzidas em alambiques de cobre, que trazem o verdadeiro sabor da autentica cachaça Mineira. São armazenadas em tonéis de carvalho por no mínimo dois anos e padronizadas preservando a essência de cada marca, deixando-as robustas e saborosas
Teor alcoólico: 40%

País:Brasil
Região:Senador José Bento /MG",40%,,"Senador José Bento /MG
Brasil",,,15/7/2021 - 20:28:18,https://www.bebidaonline.com.br/cachaca-e-aguardente/cachaca-nobre-minas-ouro-670-ml
38,60fb24d6cfc3afeb90c6e655,Cachaça Seleta 1000 ml,"R$88,63",1000ml,"Cachaça Seleta 1000 ml
Cachaça Seleta é produzida na capital mundial da Cachaça  Salinas / MG descansa em toneis de Umburana por 2,5 anos até ser envasada nas garrafas

A cachaça é uma das mais belas expressões da cultura do nosso país. A Seleta, maior produtora de cachaça artesanal do Brasil, se inspira na alegria, tradição e diversidade dos brasileiros, para produzir uma bebida que seja a imagem do bom gosto e exigência do nosso povo.

A cachaça artesanal mais vendida do país. Feita a partir de canas rigorosamente selecionadas é armazenadas em tonéis de Umburana — planta conhecida por suas características curativas e digestivas. A Seleta tem sabor suave e delicioso.

Aparência:Levemente dourada, límpida e brilhante.
Aroma:Possui aromas intensos: amadeirados, frutados, adocicados, com notas de baunilha.
Sabor:Seu sabor é levemente adocicado com notas finais de baunilha, amêndoas e canela.
Harmonização:A cachaça é uma bebida famosa por combinar bem com diversos pratos e opções gastronômicas. O que quase ninguém sabe é que não é só com pratos salgados que a Seleta cai bem. Por ser armazenada em tonéis de amburana, ela possui notas de canela que combinam perfeitamente com saladas de frutas, sorvetes, doces e sobremesas.

Como Servir
Além de poder ser servida pura e na tradicional caipirinha, pode ser usada para criar drinks, batidas e outras misturas. Na culinária também tem surgido combinações interessantes com a Seleta. O importante é dar asas à criatividade!

Teor Alcoolico: 42%

País: Brasil
Região:Salinas / MG
Fabricante: Seleta",42%,Envelhecida em tonéis de umburana — planta conhecida por suas características curativas e digestivas.,"Salinas / MG
Brasil",,"paladar: seu sabor é levemente adocicado com notas finais de baunilha, amêndoas e canela.
aparência: levemente dourada, límpida e brilhante.
olfato: possui aromas intensos:amadeirados, frutados, adocicados, com notas de baunilha.
harmonização: a cachaça é uma bebida famosa por combinar bem com diversos pratos e opções gastronômicas. o que quase ninguém sabe é que não é só com pratos salgados que a seleta cai bem. por ser armazenada em tonéis de amburana, ela possui notas de canela que combinam perfeitamente com saladas de frutas, sorvetes, doces e sobremesas.
",15/7/2021 - 20:30:40,https://www.bebidaonline.com.br/cachaca-e-aguardente/cachaca-seleta-1000-ml
39,60fb24d6cfc3afeb90c6e656,Cachaça Salinissima Ouro 670 ml,"R$54,78",670ml,"Cachaça Salinissima Ouro 670 ml
A Cachaça Saliníssima Ouro segue a receita tradicional do fermento caipira, utilizando leveduras selvagens e substratos naturais durante o processo de fermentação. Armazenada por 10 anos em barris de bálsamo, possui graduação alcoólica de 42%.
A bebida reúne características de uma genuína Cachaça Artesanal de alto padrão. O processo de envelhecimento confere à bebida um sabor amadeirado e macio. A cor amarelada e o corpo vigoroso refletem o cuidado em cultivar as práticas originais de produção das cachaças mineiras.

De cor amarelo-clara, possui uma mescla de aromas de erva-doce e anis. No paladar, traz um gosto salgado. Além disso, causa uma sensação licorosa e picante na boca. Retrogosto agradável e moderado.



Teor Alcoolico:42%

País: Brasil
Região:Salinas - MG",42%,,"Salinas - MG
Brasil",,"aparência: amarelo-clara, possui uma mescla de aromas de erva-doce e anis. no paladar, traz um gosto salgado. além disso, causa uma sensação licorosa e picante na boca. retrogosto agradável e moderado.
",15/7/2021 - 20:31:50,https://www.bebidaonline.com.br/cachaca-e-aguardente/cachaca-salinissima-ouro-670-ml
40,60fb24d6cfc3afeb90c6e657,Cachaça 51 Reserva Unica Extra Premium 700 ml,"R$279,13",700ml,"Reserva 51 incomparavelmente única, com um paladar suave e aveludado.
Envelhecida em barris selecionados de carvalho americano.
Uma experiência sensorial Única.
Notas aromáticas remetem á baunilha, mel e frutas secas, antes de liberar segredos ocultos da madeira.
Um rico sabor frutado surge antes de um acabamento amadeira marcante, prolongado,equilibrado e complexo.
A elevada complexidade e intensidade de atributos positivos faz da Reserva 51 única uma cachaça excepcionalmente Harmônica.
A dedicação e empenho em obter uma cachaça com profundidades únicas e exclusivas faz com que a reserva 51 única tenha sua tiragem limitada, preservando em cada amostra consistência perfeição em sua coloração, aromas e paladar.
A linha reserva 51 nasceu da paixão e dedicação de anos de estudos e trabalho em obter cachaça tão raras, únicas e singulares como você.
Envelhecida de 4 a 5 anos em barris de carvalho branco americano utilizados uma única vez para o envelhecimento de whisky americano tipo Bourbon. Sabor aveludado, refinado e marcante. 
Produto: Brasil
Teor Alcoólico: 40% vol.
Volume: 700 ml",40%,,,,,15/7/2021 - 20:33:1,https://www.bebidaonline.com.br/cachaca-e-aguardente/cachaca-51-reserva-unica-extra-premium-700-ml
41,60fb24d6cfc3afeb90c6e658,Cachaça Boazinha 700 ml,"R$76,45",700ml,"Cachaça Boazinha 700 ml
Se hoje a cachaça ganhou o mundo, isso se deve à exigência do paladar mineiro. A Boazinha, com seu sabor suave e levemente adstringente, representa Brasil e mundo afora o bom gosto da região em que foi criada: Minas Gerais.

As cachaças armazenadas em tonéis de bálsamo são conhecidas pelo seu sabor suave e aroma intenso de ervas. A cachaça Boazinha, armazenada por 2,5 anos nessa madeira, reúne o melhor dessas qualidades, que agradam o paladar e o olfato.

Aparência:Dourada, límpida e brilhante.
Aroma:Possui aromas herbáceos com notas de frutas secas e anis.
Sabor:Sabor suave com notas de anis e acidez equilibrada.
Harmonização:A intensidade do seu aroma e a leveza do seu sabor a tornam o melhor acompanhamento para pratos com carnes vermelhas, embora seja grande a sua versatilidade. A harmonização com Boazinha vai do tradicional churrasco aos pratos típicos da cozinha mineira, como o feijão tropeiro e o leitão à pururuca. Mas, claro, uma boa cachaça não se restringe a um único tipo de comida ou carne. Experimente também com carnes brancas, frutos do mar, canapés de sabor suave, ovos de codorna, macadâmia, queijos brancos, conservas, batata sauté ou mesmo frutas, como carambola, pêssego, melão e manga.

Como Servir
Assim como acontece com toda a linha Seleta, a Boazinha é muito saborosa se servida pura à temperatura ambiente. Mas também fica ótima gelada: consumida dessa forma, ela libera menos vapores e fica menos volátil. Seu sabor fica mais leve, o efeito do álcool no paladar e no aroma suaviza, e a bebida evolui no copo, enquanto a temperatura sobe. As combinações com drinks e na culinária proporcionam maravilhosos resultados. Experimente!

Teor Alcoolico: 42%

País: Brasil
Região:Salinas / MG
Fabricante: Seleta",42%,Envelhecida em tonéis de bálsamo são conhecidas pelo seu sabor suave e aroma intenso de ervas.,"Salinas / MG
Brasil",,"paladar:  suave, ovos de codorna, macadâmia, queijos brancos, conservas, batata sauté ou mesmo frutas, como carambola, pêssego, melão e manga.
paladar: sabor suave com notas de anis e acidez equilibrada.
aparência: dourada, límpida e brilhante.
olfato: possui aromas herbáceos com notas de frutas secas e anis.
harmonização: a intensidade do seu aroma e a leveza do seu sabor a tornam o melhor acompanhamento para pratos com carnes vermelhas, embora seja grande a sua versatilidade. a harmonização com boazinha vai do tradicional churrasco aos pratos típicos da cozinha mineira, como o feijão tropeiro e o leitão à pururuca. mas, claro, uma boa cachaça não se restringe a um único tipo de comida ou carne. experimente também com carnes brancas, frutos do mar, canapés de sabor suave, ovos de codorna, macadâmia, queijos brancos, conservas, batata sauté ou mesmo frutas, como carambola, pêssego, melão e manga.
",15/7/2021 - 20:34:12,https://www.bebidaonline.com.br/cachaca-e-aguardente/cachaca-boazinha-700-ml
42,60fb24d6cfc3afeb90c6e659,Cachaça Companheira Branca 670 ml,,670ml,"Cachaça Companheira Branca 670ml
A cachaça Companheira Prata é macia e possui sabor e aroma delicados. Ideal para nossa singular caipirinha e elaboração de coquetéis.
Alambique: Companheira.
- Graduação: 40% vol.
- Volume: 750ml.",40%,,,,,15/7/2021 - 20:35:23,https://www.bebidaonline.com.br/cachaca-e-aguardente/cachaca-companheira-branca-670-ml
43,60fb24d6cfc3afeb90c6e65a,Cachaça Nega Fulô 750 ml,,750ml,"Cachaça Nega Fulô Envelhecimento em tonéis de carvalho da um toque suave e cremoso e essa clássica cachaça.Seguem as mesmas tecnicas tradicionais que eram utilizadas no Rio de Janeiro no inicio do século XIX.Possui o tradicional aromas das cachaças envelhecidas em tonéis de carvalho, o que proporciona uma sabor leve e redondo. Ideal para ser consumida pura ou fazer caipirinha.Combina perfeitamente com petiscos como mandioca, bolhinho de bacalhau, pastelzinho e bolhinho de carne.. Garrafa 750 ml.",,"Envelhecida em tonéis de carvalho da um toque suave e cremoso e essa clássica cachaça.seguem as mesmas tecnicas tradicionais que eram utilizadas no rio de janeiro no inicio do século xix.possui o tradicional aromas das cachaças envelhecidas em tonéis de carvalho, o que proporciona uma sabor leve e redondo. ideal para ser consumida pura ou fazer caipirinha.combina perfeitamente com petiscos como mandioca, bolhinho de bacalhau, pastelzinho e bolhinho de carne..
Envelhecida em tonéis de carvalho, o que proporciona uma sabor leve e redondo. ideal para ser consumida pura ou fazer caipirinha.combina perfeitamente com petiscos como mandioca, bolhinho de bacalhau, pastelzinho e bolhinho de carne..",,,,15/7/2021 - 20:36:34,https://www.bebidaonline.com.br/cachaca-e-aguardente/cachaca-nega-fulo-750-ml
44,60fb24d6cfc3afeb90c6e65b,Cachaça Salinas Garrafa 600 ml,,600ml,Cachaça Salinas Garrafa Característica:Salinas é produzida na cidade de Salinas (Capital Mundial da Cachaça) na região do vale do Jequitinhonha. A região proporciona um clima quente e seco produzindo uma cana de alto teor de açúcar.Salinas é considerada uma das melhores cachaças brasileiras e já ganhou muitas premiações.. Garrafa 600 ml.,,,,,,15/7/2021 - 20:37:45,https://www.bebidaonline.com.br/cachaca-e-aguardente/cachaca-salinas-garrafa-600-ml
45,60fb24d7cfc3afeb90c6e65c,Cachaça Fulo Ipe 750 ml,,750ml,"Cachaça Fulo Ipe Chega ao mercado a cachaça Nega Fulo Ipê para se juntar a Fulô Carvalho e Jequitibá. As cachaças Fulô são bidestiladas em alambiques de cobre na Fazenda Soledade, em Nova Friburgo, Rio de Janeiro. O aroma da Fulô Ipê revela equilíbrio e destaca a suavidade. Ideal para ser bebida pura ou em caipirinhas de lima-da-pérsia e de frutas exóticas delicadas, a nova cachaça combina com queijos, patês e nozes. Cada cachaça Fulô apresenta características próprias, conferidas pelas madeiras em que são envelhecidas. Madeira: Ipê Tempo de envelhecimento: 18 meses Sabores e aromas: suave e arredondado, com toques minerais e de tabaco e damasco. Caipirinhas: frutas exóticas delicadas, como a caipirinha de figo com água de coco Harmonização: queijos, patês e nozes . Garrafa 750 ml.",,Armazenada em madeira de ipê,,,"harmonização: queijos, patês e nozes . garrafa 750 ml.
",15/7/2021 - 20:40:7,https://www.bebidaonline.com.br/cachaca-e-aguardente/cachaca-fulo-ipe-750-ml
46,60fb24d7cfc3afeb90c6e65d,Cachaça Sagatiba Prata Cristalina 700 ml,,700ml,"Cachaça Sagatiba Prata Cristalina Sagatiba Pura é uma cachaça premium com sabor suave, 38% vol., aroma agradável e aspecto cristalino ideal para a preparação de drinks. Ela é o resultado de 500 anos de tradição brasileira associada a tecnologia e inovação.A Sagatiba inovou o modo de fazer cachaça, ao desenvolver o processo de multidestilação, que permite separar e controlar individualmente os diversos componentes da bebida. O resultado é a Sagatiba Pura, a primeira cachaça premium do mundo, com sabor, aroma e leveza nunca antes encontrados em bebidas dessa categoria. Devido à sua versatilidade, combina perfeitamente com diversos coquetéis, além da tradicional caipirinha.. Garrafa 700 ml.",38%,,,,,15/7/2021 - 20:41:17,https://www.bebidaonline.com.br/cachaca-e-aguardente/cachaca-sagatiba-cristalina-prata-700-ml
47,60fb24d7cfc3afeb90c6e65e,Cachaça Nobre Minas Rapadura/Banana 670 ml,,670ml,"Cachaça Nobre Minas Rapadura/Banana 670 ml
Direto de Senador José Bento, Sul de Minas Gerais, surgiu o casamento da cachaça com a rapadura e a banana, uma bebida instigante, com baixo teor alcoólico e identidade própria e inconfundível.
Não é envelhecida em nenhuma madeira. Se consumida gelada acentua ainda mais o sabor.

A Nobre Minas Rapadura e Banana com Cachaça traz uma das frutas mais consumidas no mundo também para seu happy hour. Produzida com cachaça prata descansada e adoçada com rapadura, a Nobre Minas Rapadura e Banana com Cachaça tem o seu sabor diferencial por possuir como componente de seus ingredientes, a fruta in natura. 

Teor alcoólico: 15%

País:Brasil
Região:Senador José Bento /MG",15%,Envelhecida em nenhuma madeira.,"Senador José Bento /MG
Brasil",,,15/7/2021 - 20:42:28,https://www.bebidaonline.com.br/cachaca-e-aguardente/cachaca-nobre-minas-rapadura-banana-670-ml
48,60fb24d7cfc3afeb90c6e65f,Cachaça Bassi Prata 670 ml,,670ml,"A Cachaça Bassi Prata é produzida e depois armazenada para descanso em tonéis de amendoim por um período mínimo de 1 ano, o amendoim é considerado uma madeira neutra, o que significa que não lhe confere alteração em seu aroma e sabor, mantendo assim a cachaça pura e em sua essência natural.",,,,,,15/7/2021 - 20:43:39,https://www.bebidaonline.com.br/cachaca-e-aguardente/cachaca-bassi-prata-670-ml
49,60fb24d7cfc3afeb90c6e660,Cachaça Seleta Prata 1000 ml,,1000ml,"Cachaça Seleta Prata 1000 ml
Cachaça Seleta Prata é produzida na capital mundial da Cachaça  Salinas / MG descansa em toneis de Inox por 6 meses a 1 ano até ser envasada nas garrafas

Com notas vegetais que remetem à cana recém-cortada, a Seleta Prata possui aroma adocicado, sabor suave e toque aveludado. Ideal para ser consumida em doses e para compor drinks, especialmente a caipirinha.

Aparência:Possui aparência cristalina e brilhante
Aroma:Adocicado, com notas vegetais que remetem a cana recém cortada
Sabor:Suave e toque aveludado


Como Servir:
A Seleta Prata foi criada para harmonizar com outros ingredientes, como limão, açúcar e gelo. A caipirinha feita com a Prata fica irresistível! De sabor suave e aroma adocicado, é também ideal para outros drinks e combinações com frutas. Suas notas vegetais que remetem à cana recém-cortada e o seu toque aveludado permitem perfeitamente que ela também seja servida pura. Copos criados especialmente para caipirinhas e drinks

Teor Alcoolico: 40%

País: Brasil
Região:Salinas / MG
Fabricante: Seleta",40%,,"Salinas / MG
Brasil",,"paladar:  suave e aroma adocicado, é também ideal para outros drinks e combinações com frutas. suas notas vegetais que remetem à cana recém-cortada e o seu toque aveludado permitem perfeitamente que ela também seja servida pura. copos criados especialmente para caipirinhas e drinks
paladar: suave e toque aveludado
aparência: possui aparência cristalina e brilhante
olfato: adocicado, com notas vegetais que remetem a cana recém cortada
",15/7/2021 - 20:44:50,https://www.bebidaonline.com.br/cachaca-e-aguardente/cachaca-seleta-prata-1000-ml
50,60fb24d7cfc3afeb90c6e661,Cachaça Premium Seleta Antonio Rodrigues 700 ml,,700ml,"Cachaça Premium Seleta Antonio Rodrigues 700 ml
Antônio Rodrigues é uma bebida única, a verdadeira joia líquida. Uma série limitada, especial para os apreciadores da cachaça típica de Minas. Envelhecida em carvalho francês, seu aroma é encorpado e o sabor inesquecível.

Límpida, translúcida, viscosa e brilhante. A Antônio Rodrigues foi criada para ser uma cachaça tradicional, de cor forte e escura, resultado de toda a experiência e excelência da Seleta na produção da bebida. A “joia líquida”, como ficou conhecida, é sinônimo de sabor agradável e de boa intensidade.

Como Servir:A joia líquida da Seleta é uma bebida saborosa, complexa e feita para um paladar diferenciado. Experimente-a pura, à temperatura ambiente. Devido à sua intensidade, a cachaça Antônio Rodrigues pode ser também consumida na versão “on the rocks”, tomando bastante cuidado com o tipo de gelo usado, evitando diluições exageradas (grandes esferas de gelo são mais apropriadas).

Visual:Aparência Dourado intenso, límpida e brilhante.
Aroma: Adocicado, com notas de caramelo e amêndoas.
Sabor: Sabor intenso, com buquê complexo, que remete a nozes, madeira tostada e taninos. De baixa acidez e levemente adocicada, possui um toque agradável bastante aveludado
Harmonização:Cachaça de sabor profundo e qualidade superior, ela é ideal para paladares aguçados e exigentes. Recomendamos a combinação da Antônio Rodrigues com doces raros e requintados ou junto a um sofisticado acepipe. Também poderá ser harmonizada com pratos intensos, como a feijoada, carnes vermelhas, carnes de caça, carne de sol, mostarda escura, torresmo, embutidos em geral, queijos amarelos, além de castanhas, avelãs, chocolates e frutas, como caju, abacaxi e açaí.

Teor Alcoólico:42%
Temperatura ideal: 20 ºC.

Armazenada em Carvalho
Tempo de Armazanamento 7 Anos  

País: Brasil
Região:Salinas/MG
Fabricante: Seleta",42%,,"Salinas/MG
Brasil",Envelhecida por 7 anos,"aparência: forte e escura, resultado de toda a experiência e excelência da seleta na produção da bebida. a “joia líquida”, como ficou conhecida, é sinônimo de sabor agradável e de boa intensidade.
paladar:  agradável e de boa intensidade.
paladar: sabor intenso, com buquê complexo, que remete a nozes, madeira tostada e taninos. de baixa acidez e levemente adocicada, possui um toque agradável bastante aveludado
olfato: adocicado, com notas de caramelo e amêndoas.
harmonização: cachaça de sabor profundo e qualidade superior, ela é ideal para paladares aguçados e exigentes. recomendamos a combinação da antônio rodrigues com doces raros e requintados ou junto a um sofisticado acepipe. também poderá ser harmonizada com pratos intensos, como a feijoada, carnes vermelhas, carnes de caça, carne de sol, mostarda escura, torresmo, embutidos em geral, queijos amarelos, além de castanhas, avelãs, chocolates e frutas, como caju, abacaxi e açaí.
",15/7/2021 - 20:46:1,https://www.bebidaonline.com.br/cachaca-e-aguardente/cachaca-premium-seleta-antonio-rodrigues-700-ml
51,60fb24d7cfc3afeb90c6e662,Cachaça Nega Fulo Terra Cota 700 ml,,700ml,"Cachaça Nega Fulo Terra Cota Embalagem em forma de botija de Terracota, obra do premiado escultor Geraldo Simplício, o Nêgo.Cachaça produzida artesanalmente e em quantidade limitada. Assim, conserva seu toque (caseiro).Armazenada em barricas de carvalho, se mantém forte, com sabor apurado, gosto refinado e cor viva.Destilado de mosto fermentado de cana-de-açúcar e água.. Garrafa 700 ml.",,"Envelhecida em barricas de carvalho, se mantém forte, com sabor apurado, gosto refinado e cor viva.destilado de mosto fermentado de cana-de-açúcar e água..",,,,15/7/2021 - 20:47:12,https://www.bebidaonline.com.br/cachaca-e-aguardente/cachaca-nega-fulo-terra-cota-700-ml
52,60fb24d8cfc3afeb90c6e663,Cachaça Casa Amarela Premium Ouro 670 ml,,670ml,"Cachaça Casa Amarela Premium Ouro 670 ml
Com uma tradição de mais de 30 anos, a Cachaça “Casa Amarela” é produzida e engarrafada por Bolivar de Matos na “Fazenda Casa Amarela” situada no km 12 da rodovia Ervália- Araponga-MG, na Serra do Brigadeiro (extremo norte da Serra da Mantiqueira).
A produção acontece nos meses de julho/agosto a setembro/outubro, época do estio, na qual a cana atinge seu maior teor de açúcar, que é necessário para se conseguir uma cachaça de qualidade. A produção é limitada de cerca de 15 mil litros por ano.
A cana utilizada é cultivada no próprio sítio, lavada antes da moagem, que é realizada em até 24 horas após a poda da cana.
Após a moagem no engenho inicia-se a fermentação em dornas de aço inoxidável, utilizando-se apenas o fubá de milho, pedaços de cana, e o caldo da cana. Processo 100% natural, sem adição de produtos químicos (normalmente utilizados para acelerar a fermentação, mas que interferem negativamente nas qualidades sensoriais da cachaça).
A destilação é feita em alambique de cobre, em temperaturas brandas, utilizando-se como combustível o próprio bagaço da cana. Do destilado aproveita-se apenas a porção chamada de “coração”, que é a cachaça propriamente dita, sendo desprezadas a cabeça e a cauda.
Do alambique a cachaça segue encanada para o armazenamento onde passa pelo filtro de cobre, e depois é armazenada em dornas de amendoinzeiro (madeira neutra) que não interfere na cor e no paladar, e em dornas e tonéis de carvalho, que conferem à Casa Amarela uma tonalidade levemente amarelada, originando ca Casa Amarela “ouro”.
Envelhecida em Barris de Carvalho, A Casa Amarela Premium se caracteriza pela harmonia do seu aroma e sabor.
É uma cachaça de aroma agradável, equilibrada, suave, com retrogosto suave e persistente. Por ser bastante suave agrada o público feminino.
É uma cachaça com qualidade e tradição.
Teor Alcoólico: 40%
Armazenamento:Carvalho

País:Brasil
Região: Ervália/MG",40%,,"Ervália/MG
Brasil",,"aroma: agradável, equilibrada, suave, com retrogosto suave e persistente. por ser bastante suave agrada o público feminino.
",15/7/2021 - 20:48:23,https://www.bebidaonline.com.br/cachaca-e-aguardente/cachaca-casa-amarela-premium-ouro-670-ml
53,60fb24d8cfc3afeb90c6e664,Cachaça Cabare Ouro 700 ml,,700ml,"Cachaça Cabare Ouro 700 ml
A Cachaça Cabaré Ouro é armazenada por 6 meses em tonéis de carvalho europeu e vem conquistando cada vez mais admiradores.

Tudo para dar um gosto diferenciado, mais macio, um sabor mais suave.

Teor Alcoólico:38%
País: Brasil",38%,,Brasil,,,15/7/2021 - 20:49:34,https://www.bebidaonline.com.br/cachaca-e-aguardente/cachaca-cabare-ouro-700-ml
54,60fb24d8cfc3afeb90c6e665,Cachaça Salinas Cristalina 600 ml,,600ml,"Cachaça Salinas Cristalina 600ml.
 
Cachaça Salinas Cristalina é o mais novo sucesso da consagrada marca de cachaça artesanal Cachaça Salinas. Ideal para o preparo de coquetéis. Experimente!!
A Cachaça Salinas Cristalina não é armezanada em tonéis de madeira e possui sabor e aroma característicos da cana. 
A Cachaça Salinas Cristalina pertence ao grupo de produtos Salinas Séries - para todos os paladares!
Origem: Salinas / MG
 Graduação Alcoólica: 40,5% Vol.","40,5%",,Salinas / MG,,,15/7/2021 - 20:50:44,https://www.bebidaonline.com.br/cachaca-e-aguardente/cachaca-salinas-cristalina-600-ml
55,60fb24d8cfc3afeb90c6e666,Cachaça Velho Barreiro Diamond 700 ml,,700ml,"Cachaça Velho Barreiro Diamond A Velho Barreiro Diamond é formada por um blend único e especial entre a Velho Barreiro original e uma cachaça alambique rigorosamente selecionada, oriunda da região serrana do Rio de Janeiro. A garantia é de um sabor suave e harmonizado, com um aroma levemente frutado e adoçado. Acompanha estojo. . Garrafa 700 ml.",,,,,,15/7/2021 - 20:51:55,https://www.bebidaonline.com.br/cachaca-e-aguardente/cachaca-velho-barreiro-diamond-700-ml
56,60fb24d8cfc3afeb90c6e667,Cachaça Seleta Prata 700 ml,,700ml,"Cachaça Seleta Prata 700 ml
Cachaça Seleta Prata é produzida na capital mundial da Cachaça  Salinas / MG descansa em toneis de Inox por 6 meses a 1 ano até ser envasada nas garrafas

Com notas vegetais que remetem à cana recém-cortada, a Seleta Prata possui aroma adocicado, sabor suave e toque aveludado. Ideal para ser consumida em doses e para compor drinks, especialmente a caipirinha.

Aparência:Possui aparência cristalina e brilhante
Aroma:Adocicado, com notas vegetais que remetem a cana recém cortada
Sabor:Suave e toque aveludado

Como Servir:
A Seleta Prata foi criada para harmonizar com outros ingredientes, como limão, açúcar e gelo. A caipirinha feita com a Prata fica irresistível! De sabor suave e aroma adocicado, é também ideal para outros drinks e combinações com frutas. Suas notas vegetais que remetem à cana recém-cortada e o seu toque aveludado permitem perfeitamente que ela também seja servida pura. Copos criados especialmente para caipirinhas e drinks

Teor Alcoolico: 40%

País: Brasil
Região:Salinas / MG
Fabricante: Seleta",40%,,"Salinas / MG
Brasil",,"paladar:  suave e aroma adocicado, é também ideal para outros drinks e combinações com frutas. suas notas vegetais que remetem à cana recém-cortada e o seu toque aveludado permitem perfeitamente que ela também seja servida pura. copos criados especialmente para caipirinhas e drinks
paladar: suave e toque aveludado
aparência: possui aparência cristalina e brilhante
olfato: adocicado, com notas vegetais que remetem a cana recém cortada
",15/7/2021 - 20:53:7,https://www.bebidaonline.com.br/cachaca-e-aguardente/cachaca-seleta-prata-700-ml
57,60fb24d8cfc3afeb90c6e668,Cachaça Cabaré Amburana 700 ml,,700ml,"Cachaça Cabaré Amburana 700 ml
A Cachaça Cabaré surgiu por iniciativa do Sr. José Tápparo, que em 1978 resolveu produzir cachaça para o consumo próprio e presentear os amigos. A cachaça fez tanto sucesso que começaram a querer comprá-la. Foi então que José Tapparo viu nessa atividade uma oportunidade de negócio.
 
 Com o passar dos anos e a entrada dos filhos Ademílson e Carlos na empresa, o engenho cresceu e passou a produzir vários tipos de cachaças, coquetéis alcoólicos e licores. Hoje a empresa conta com a colaboração da terceira geração da família Tápparo, Bruno, Giovanni e Breno, Marcus, Fernando e Carla Tápparo.
 A produção da cachaça Dom Tápparo é toda feita na propriedade da família: plantio da cana-de-açúcar, moagem, destilação e envelhecimento. Além da produção toda na propriedade, o envelhecimento é feito em barris de Carvalho Europeu e Americano e outras madeiras como Amburana e Amendoim.
 A Dom Tápparo faz questão de marcar presença em eventos estabelecendo contato direto da marca e dos sabores com as pessoas formadoras de opinião, fidelizando consumidores e fazendo novos amigos!




CACHAÇA CABARÉ AMBURANA é uma cachaça artesanal, envelhecida por 6 meses em barris de Amburana, o que dá um sabor duradouro e especial a esta cachaça de qualidade excepcional.

Esta é a CACHAÇA CABARÉ ideal para ser apreciada pura ou como ingrediente principal daquela caipirinha super especial: basta adicionar cubos de gelo, açúcar e limão!


Teor Alcoolico:40%
País:Brasil
Região:Mirassol / SP
Fabricante: Cabare",40%,,"Mirassol / SP
Brasil",,,15/7/2021 - 20:54:18,https://www.bebidaonline.com.br/cachaca-e-aguardente/cachaca-cabare-amburana-700-ml
58,60fb24d9cfc3afeb90c6e669,Cachaça Fulô 1827 Jequitibá 750 ml,,750ml,"Cachaça Fulô 1827 Jequitibá O Jequitibá é uma madeira neutra, que deixa a cachaça perfeitamente redonda, destacando o sabor original e natural da cana.Ela possui um leve aroma de cana com toques cítricos e de minerais, o que proporciona um sabor levemente rústico. Sua neutralidade é ideal para a produção de drinks, como também para ser apreciada pura.Harmoniza muito bem com alguns pratos, como Ceviche, Casquinha de Siri, Filé de Salmão e Carne de Vitela com molho de limão. . Garrafa 750 ml.",,,,,,15/7/2021 - 20:55:29,https://www.bebidaonline.com.br/cachaca-e-aguardente/cachaca-fulo-1827-jequitiba-750-ml
59,60fb24d9cfc3afeb90c6e66a,Cachaça Sagatiba Ouro 700 ml,,700ml,"Cachaça Sagatiba Ouro Sagatiba Velha são lotes limitados e exclusivos das melhores cachaças mineiras, destiladas em alambiques de cobre e envelhecidas em barris de carvalho no interior de São Paulo. A produção é feita à maneira tradicional, em pequenas quantidades, em que cada safra é única e limitada. Um líquido dourado, com aroma frutado e sabor delicado. Sagatiba Velha é, segundo especialistas, uma das melhores bebidas envelhecidas produzidas de maneira tradicional.. Garrafa 700 ml.",,"Envelhecida em barris de carvalho no interior de são paulo. a produção é feita à maneira tradicional, em pequenas quantidades, em que cada safra é única e limitada. um líquido dourado, com aroma frutado e sabor delicado. sagatiba velha é, segundo especialistas, uma das melhores bebidas envelhecidas produzidas de maneira tradicional..",,,,15/7/2021 - 20:56:39,https://www.bebidaonline.com.br/cachaca-e-aguardente/cachaca-sagatiba-ouro-700-ml
60,60fb24d9cfc3afeb90c6e66b,Cachaça Salinas Carvalho 700 ml,,700ml,"CACHAÇA SALINAS CARVALHO 700ML
A Salinas em Carvalho tem 3 anos de Envelhecimento tornando - se uma exelente cachaça e traz consigo um sabor muito parecido aos dos melhores wisk.
Teor Alcoólico 42%
País: Brasil
Fabricantes Cachaça Salinas Ltda",42%,,Brasil,,,15/7/2021 - 20:57:50,https://www.bebidaonline.com.br/cachaca-e-aguardente/cachaca-salinas-carvalho-700-ml
